College Name,University Name,District,Students,Students Male,Students Female,Teachers,Placement Percentage,Scholarships,Pass Percentage,Attendance Percentage,Infrastructure Score,AI Risk Score,Budget Lakhs,NAAC Grade,Academic Year
VJTI,University of Mumbai,Mumbai,4023,2545,1478,205,88,459,93,91,95,6,469,A++,2022
VJTI,University of Mumbai,Mumbai,4232,1926,2306,198,93,418,97,89,95,7,497,A++,2023
VJTI,University of Mumbai,Mumbai,4354,1915,2439,199,92,452,97,88,97,11,528,A++,2024
VJTI,University of Mumbai,Mumbai,4696,2948,1748,202,96,395,98,89,96,5,545,A++,2025
COEP,COEP Technological University,Pune,3519,2190,1329,195,89,358,92,92,95,13,437,A++,2022
COEP,COEP Technological University,Pune,3937,2281,1656,208,96,416,96,92,94,10,476,A++,2023
COEP,COEP Technological University,Pune,3779,2391,1388,211,96,378,97,90,95,13,505,A++,2024
COEP,COEP Technological University,Pune,4439,2468,1971,212,92,406,93,88,95,8,563,A++,2025
ICT,ICT Mumbai,Mumbai,2139,1024,1115,136,94,285,97,90,97,1,569,A++,2022
ICT,ICT Mumbai,Mumbai,2389,1029,1360,135,100,264,97,90,99,1,571,A++,2023
ICT,ICT Mumbai,Mumbai,2496,1537,959,151,97,264,96,91,99,1,604,A++,2024
ICT,ICT Mumbai,Mumbai,2684,1784,900,155,100,252,100,94,98,5,676,A++,2025
"Smt. Kashibai Navale College of Engineering, Nashik",Shivaji University,Solapur,2067,1178,889,150,50,400,93,69,86,56,146,A+,2022
"Smt. Kashibai Navale College of Engineering, Nashik",Shivaji University,Solapur,2191,1207,984,168,53,399,92,71,86,52,166,A+,2023
"Smt. Kashibai Navale College of Engineering, Nashik",Shivaji University,Solapur,2509,1330,1179,163,55,354,94,68,89,51,171,A+,2024
"Smt. Kashibai Navale College of Engineering, Nashik",Shivaji University,Solapur,2489,1279,1210,157,50,351,96,68,89,53,180,A+,2025
"Government College of Engineering, Nagpur",Dr. Babasaheb Ambedkar Technological University,Nanded,1997,1195,802,94,88,306,73,94,87,38,100,B+,2022
"Government College of Engineering, Nagpur",Dr. Babasaheb Ambedkar Technological University,Nanded,2136,1161,975,92,88,273,76,94,86,35,109,B+,2023
"Government College of Engineering, Nagpur",Dr. Babasaheb Ambedkar Technological University,Nanded,2211,977,1234,84,93,314,72,92,86,34,123,B+,2024
"Government College of Engineering, Nagpur",Dr. Babasaheb Ambedkar Technological University,Nanded,2228,1280,948,97,89,286,76,94,88,38,127,B+,2025
"Sinhgad Institute of Technology, Bandra",Shivaji University,Solapur,2096,1029,1067,85,68,147,86,73,74,44,1223,A+,2022
"Sinhgad Institute of Technology, Bandra",Shivaji University,Solapur,2115,1138,977,77,70,151,86,70,71,41,1334,A+,2023
"Sinhgad Institute of Technology, Bandra",Shivaji University,Solapur,2397,1317,1080,75,66,148,87,71,72,43,1406,A+,2024
"Sinhgad Institute of Technology, Bandra",Shivaji University,Solapur,2293,1008,1285,85,72,160,84,71,74,44,1470,A+,2025
"Sardar Patel College of Engineering, Chandrapur",Dr. Babasaheb Ambedkar Technological University,Akola,1057,666,391,54,81,193,80,78,94,8,175,B++,2022
"Sardar Patel College of Engineering, Chandrapur",Dr. Babasaheb Ambedkar Technological University,Akola,1151,615,536,49,84,179,86,77,95,8,187,B++,2023
"Sardar Patel College of Engineering, Chandrapur",Dr. Babasaheb Ambedkar Technological University,Akola,1142,595,547,56,90,182,86,79,97,8,201,B++,2024
"Sardar Patel College of Engineering, Chandrapur",Dr. Babasaheb Ambedkar Technological University,Akola,1170,508,662,51,90,181,84,77,96,5,199,B++,2025
"Sandip Foundation College of Engineering, Jalgaon 11",Dr. Babasaheb Ambedkar Technological University,Beed,3192,2035,1157,213,81,728,72,88,74,23,1339,A++,2022
"Sandip Foundation College of Engineering, Jalgaon 11",Dr. Babasaheb Ambedkar Technological University,Beed,3682,1940,1742,203,85,657,72,88,71,28,1377,A++,2023
"Sandip Foundation College of Engineering, Jalgaon 11",Dr. Babasaheb Ambedkar Technological University,Beed,3600,1827,1773,202,88,627,73,89,74,25,1446,A++,2024
"Sandip Foundation College of Engineering, Jalgaon 11",Dr. Babasaheb Ambedkar Technological University,Beed,3850,1639,2211,212,90,667,69,89,71,28,1500,A++,2025
"Sardar Patel College of Engineering, Bandra 83",Savitribai Phule Pune University,Pune,5170,2847,2323,350,92,487,88,89,69,79,1134,B+,2022
"Sardar Patel College of Engineering, Bandra 83",Savitribai Phule Pune University,Pune,5727,3577,2150,350,96,492,88,87,68,82,1199,B+,2023
"Sardar Patel College of Engineering, Bandra 83",Savitribai Phule Pune University,Pune,5627,3450,2177,327,90,531,89,87,69,81,1245,B+,2024
"Sardar Patel College of Engineering, Bandra 83",Savitribai Phule Pune University,Pune,6000,3536,2464,338,94,514,92,89,67,81,1347,B+,2025
"Walchand College of Engineering, Wadala",Rashtrasant Tukadoji Maharaj Nagpur University,Bhandara,2209,1188,1021,97,63,301,66,80,86,92,680,A++,2022
"Walchand College of Engineering, Wadala",Rashtrasant Tukadoji Maharaj Nagpur University,Bhandara,2342,1485,857,100,66,304,65,80,88,92,742,A++,2023
"Walchand College of Engineering, Wadala",Rashtrasant Tukadoji Maharaj Nagpur University,Bhandara,2298,1085,1213,93,66,260,67,78,88,91,756,A++,2024
"Walchand College of Engineering, Wadala",Rashtrasant Tukadoji Maharaj Nagpur University,Bhandara,2652,1158,1494,89,70,266,65,77,87,93,828,A++,2025
"Bharti Vidyapeeth College of Engineering, Lonavala",SNDT Women's University,Parbhani,2435,1094,1341,177,91,411,75,93,89,52,798,A+,2022
"Bharti Vidyapeeth College of Engineering, Lonavala",SNDT Women's University,Parbhani,2568,1683,885,178,93,359,75,92,87,53,849,A+,2023
"Bharti Vidyapeeth College of Engineering, Lonavala",SNDT Women's University,Parbhani,2870,1567,1303,172,91,373,76,90,89,50,890,A+,2024
"Bharti Vidyapeeth College of Engineering, Lonavala",SNDT Women's University,Parbhani,2999,1569,1430,197,93,367,79,94,86,52,944,A+,2025
"Walchand College of Engineering, Aurangabad",Savitribai Phule Pune University,Pune,1295,804,491,96,58,277,85,71,73,51,1236,A++,2022
"Walchand College of Engineering, Aurangabad",Savitribai Phule Pune University,Pune,1332,761,571,94,55,280,85,68,73,46,1253,A++,2023
"Walchand College of Engineering, Aurangabad",Savitribai Phule Pune University,Pune,1388,730,658,101,53,257,87,67,75,49,1358,A++,2024
"Walchand College of Engineering, Aurangabad",Savitribai Phule Pune University,Pune,1531,1026,505,101,56,250,91,69,75,45,1478,A++,2025
"Fr. Conceicao Rodrigues College of Engineering, Navi Mumbai",Shivaji University,Ratnagiri,1369,587,782,64,75,264,84,71,69,56,383,A++,2022
"Fr. Conceicao Rodrigues College of Engineering, Navi Mumbai",Shivaji University,Ratnagiri,1414,851,563,65,77,256,79,73,70,52,429,A++,2023
"Fr. Conceicao Rodrigues College of Engineering, Navi Mumbai",Shivaji University,Ratnagiri,1448,976,472,59,78,277,85,71,69,53,456,A++,2024
"Fr. Conceicao Rodrigues College of Engineering, Navi Mumbai",Shivaji University,Ratnagiri,1470,785,685,60,84,269,82,70,70,55,479,A++,2025
"Fr. Conceicao Rodrigues College of Engineering, Pune 93",Shivaji University,Solapur,1872,948,924,95,48,413,81,97,87,24,375,B+,2022
"Fr. Conceicao Rodrigues College of Engineering, Pune 93",Shivaji University,Solapur,1949,1096,853,94,48,408,81,96,90,28,408,B+,2023
"Fr. Conceicao Rodrigues College of Engineering, Pune 93",Shivaji University,Solapur,1885,889,996,93,50,357,78,99,88,28,433,B+,2024
"Fr. Conceicao Rodrigues College of Engineering, Pune 93",Shivaji University,Solapur,2075,1378,697,96,52,369,83,99,89,28,441,B+,2025
"Pillai College of Engineering, Dhule",North Maharashtra University,Nandurbar,500,257,243,22,78,54,84,83,64,4,560,B+,2022
"Pillai College of Engineering, Dhule",North Maharashtra University,Nandurbar,500,291,209,24,80,50,85,83,64,7,585,B+,2023
"Pillai College of Engineering, Dhule",North Maharashtra University,Nandurbar,520,238,282,24,76,54,81,82,67,10,644,B+,2024
"Pillai College of Engineering, Dhule",North Maharashtra University,Nandurbar,536,318,218,21,78,50,88,84,66,9,651,B+,2025
"Sanjay Ghodawat Institute, Nagpur",Dr. Babasaheb Ambedkar Technological University,Latur,1362,875,487,109,75,336,68,82,83,77,903,B+,2022
"Sanjay Ghodawat Institute, Nagpur",Dr. Babasaheb Ambedkar Technological University,Latur,1412,951,461,103,79,348,69,83,85,74,899,B+,2023
"Sanjay Ghodawat Institute, Nagpur",Dr. Babasaheb Ambedkar Technological University,Latur,1493,752,741,111,76,335,73,82,84,74,957,B+,2024
"Sanjay Ghodawat Institute, Nagpur",Dr. Babasaheb Ambedkar Technological University,Latur,1542,781,761,103,79,353,74,83,82,74,1029,B+,2025
"Bharti Vidyapeeth College of Engineering, Karad 89",SNDT Women's University,Aurangabad,5412,2698,2714,317,79,683,76,77,54,42,127,B++,2022
"Bharti Vidyapeeth College of Engineering, Karad 89",SNDT Women's University,Aurangabad,5644,2868,2776,321,76,711,76,80,54,42,134,B++,2023
"Bharti Vidyapeeth College of Engineering, Karad 89",SNDT Women's University,Aurangabad,5620,2547,3073,342,80,774,76,79,55,44,153,B++,2024
"Bharti Vidyapeeth College of Engineering, Karad 89",SNDT Women's University,Aurangabad,6000,3326,2674,319,79,710,77,78,56,40,151,B++,2025
"Sanjay Ghodawat Institute, Karad",Shivaji University,Kolhapur,955,446,509,45,46,99,62,84,56,62,534,A++,2022
"Sanjay Ghodawat Institute, Karad",Shivaji University,Kolhapur,1101,622,479,45,46,102,65,85,53,64,551,A++,2023
"Sanjay Ghodawat Institute, Karad",Shivaji University,Kolhapur,1150,537,613,43,54,102,64,88,54,66,643,A++,2024
"Sanjay Ghodawat Institute, Karad",Shivaji University,Kolhapur,1081,669,412,43,48,91,64,84,55,62,627,A++,2025
"Sardar Patel College of Engineering, Wadala",Shivaji University,Ratnagiri,4962,2241,2721,238,57,1012,84,75,55,12,1359,A+,2022
"Sardar Patel College of Engineering, Wadala",Shivaji University,Ratnagiri,5104,2746,2358,260,57,916,83,79,58,11,1475,A+,2023
"Sardar Patel College of Engineering, Wadala",Shivaji University,Ratnagiri,5591,3666,1925,254,60,894,84,77,57,15,1429,A+,2024
"Sardar Patel College of Engineering, Wadala",Shivaji University,Ratnagiri,5228,3489,1739,238,65,902,86,78,55,9,1500,A+,2025
"Atharva College of Engineering, Ratnagiri",Dr. Babasaheb Ambedkar Technological University,Akola,5226,3254,1972,202,49,325,81,72,66,26,450,B,2022
"Atharva College of Engineering, Ratnagiri",Dr. Babasaheb Ambedkar Technological University,Akola,5594,2489,3105,205,51,351,81,72,66,25,482,B,2023
"Atharva College of Engineering, Ratnagiri",Dr. Babasaheb Ambedkar Technological University,Akola,5682,3010,2672,205,51,347,82,69,64,25,498,B,2024
"Atharva College of Engineering, Ratnagiri",Dr. Babasaheb Ambedkar Technological University,Akola,6000,2869,3131,216,52,382,84,73,64,23,535,B,2025
"Vivekanand Education Society's Institute of Technology, Thane",University of Mumbai,Thane,3801,2388,1413,259,47,556,94,70,55,82,1110,A,2022
"Vivekanand Education Society's Institute of Technology, Thane",University of Mumbai,Thane,4182,2753,1429,268,54,528,92,72,54,82,1151,A,2023
"Vivekanand Education Society's Institute of Technology, Thane",University of Mumbai,Thane,4159,2291,1868,251,54,502,94,72,52,80,1241,A,2024
"Vivekanand Education Society's Institute of Technology, Thane",University of Mumbai,Thane,4711,2363,2348,277,55,550,96,71,53,81,1274,A,2025
"Government College of Engineering, Nagpur 31",University of Mumbai,Thane,4208,2428,1780,240,67,897,67,87,52,46,566,B++,2022
"Government College of Engineering, Nagpur 31",University of Mumbai,Thane,4413,2381,2032,223,74,874,73,91,51,51,638,B++,2023
"Government College of Engineering, Nagpur 31",University of Mumbai,Thane,4669,2440,2229,219,70,843,69,87,50,51,702,B++,2024
"Government College of Engineering, Nagpur 31",University of Mumbai,Thane,5016,2379,2637,232,72,898,74,91,50,46,689,B++,2025
"Fr. Conceicao Rodrigues College of Engineering, Latur",North Maharashtra University,Nandurbar,4633,2516,2117,205,74,415,80,79,55,74,1066,B,2022
"Fr. Conceicao Rodrigues College of Engineering, Latur",North Maharashtra University,Nandurbar,4874,2354,2520,215,79,350,75,76,55,74,1221,B,2023
"Fr. Conceicao Rodrigues College of Engineering, Latur",North Maharashtra University,Nandurbar,5296,3044,2252,224,78,349,79,79,55,72,1286,B,2024
"Fr. Conceicao Rodrigues College of Engineering, Latur",North Maharashtra University,Nandurbar,5425,2873,2552,216,76,367,82,79,55,71,1330,B,2025
"Maharashtra Institute of Technology, Akola",University of Mumbai,Mumbai Suburban,4207,2146,2061,225,74,315,94,69,63,7,1200,B+,2022
"Maharashtra Institute of Technology, Akola",University of Mumbai,Mumbai Suburban,4276,2449,1827,225,82,313,91,71,63,11,1341,B+,2023
"Maharashtra Institute of Technology, Akola",University of Mumbai,Mumbai Suburban,4573,2348,2225,218,78,346,92,68,63,6,1318,B+,2024
"Maharashtra Institute of Technology, Akola",University of Mumbai,Mumbai Suburban,4501,2466,2035,229,84,324,92,72,60,5,1423,B+,2025
"Rajarambapu Institute of Technology, Wadala 52",Rashtrasant Tukadoji Maharaj Nagpur University,Nagpur,2266,1350,916,111,51,353,83,98,72,30,478,B+,2022
"Rajarambapu Institute of Technology, Wadala 52",Rashtrasant Tukadoji Maharaj Nagpur University,Nagpur,2345,1121,1224,113,49,412,89,96,71,31,522,B+,2023
"Rajarambapu Institute of Technology, Wadala 52",Rashtrasant Tukadoji Maharaj Nagpur University,Nagpur,2679,1546,1133,110,45,423,87,99,69,30,554,B+,2024
"Rajarambapu Institute of Technology, Wadala 52",Rashtrasant Tukadoji Maharaj Nagpur University,Nagpur,2730,1755,975,110,54,354,85,97,69,36,548,B+,2025
"Sandip Foundation College of Engineering, Bandra",Shivaji University,Solapur,1428,870,558,71,68,199,67,65,79,81,1134,B++,2022
"Sandip Foundation College of Engineering, Bandra",Shivaji University,Solapur,1575,711,864,65,67,210,61,65,81,78,1198,B++,2023
"Sandip Foundation College of Engineering, Bandra",Shivaji University,Solapur,1541,753,788,71,68,194,67,65,79,82,1338,B++,2024
"Sandip Foundation College of Engineering, Bandra",Shivaji University,Solapur,1664,797,867,72,69,216,66,67,80,76,1368,B++,2025
"D.Y. Patil Institute of Engineering, Nagpur",SNDT Women's University,Nanded,3162,1918,1244,128,57,346,69,94,84,90,635,A+,2022
"D.Y. Patil Institute of Engineering, Nagpur",SNDT Women's University,Nanded,3345,1979,1366,130,57,414,72,95,85,90,695,A+,2023
"D.Y. Patil Institute of Engineering, Nagpur",SNDT Women's University,Nanded,3499,1973,1526,123,63,408,68,93,84,92,738,A+,2024
"D.Y. Patil Institute of Engineering, Nagpur",SNDT Women's University,Nanded,3661,2382,1279,130,66,392,75,94,84,89,749,A+,2025
"K.K. Wagh Institute of Engineering Education, Chandrapur",University of Mumbai,Mumbai,4654,2426,2228,310,85,341,69,81,57,10,1129,B,2022
"K.K. Wagh Institute of Engineering Education, Chandrapur",University of Mumbai,Mumbai,4797,2439,2358,306,84,307,71,83,58,11,1242,B,2023
"K.K. Wagh Institute of Engineering Education, Chandrapur",University of Mumbai,Mumbai,5025,2662,2363,300,85,363,68,83,58,10,1215,B,2024
"K.K. Wagh Institute of Engineering Education, Chandrapur",University of Mumbai,Mumbai,5502,2489,3013,290,86,336,68,83,57,12,1321,B,2025
"K.J. Somaiya College of Engineering, Amravati",SNDT Women's University,Aurangabad,5315,3358,1957,224,75,789,64,69,89,53,610,A+,2022
"K.J. Somaiya College of Engineering, Amravati",SNDT Women's University,Aurangabad,5349,3329,2020,220,76,789,66,71,89,51,623,A+,2023
"K.J. Somaiya College of Engineering, Amravati",SNDT Women's University,Aurangabad,6000,3262,2738,220,80,783,64,72,92,57,673,A+,2024
"K.J. Somaiya College of Engineering, Amravati",SNDT Women's University,Aurangabad,6000,3180,2820,219,83,792,65,69,90,55,697,A+,2025
"Maharashtra Institute of Technology, Pune",Savitribai Phule Pune University,Nashik,2478,1124,1354,186,77,350,85,66,59,6,377,B,2022
"Maharashtra Institute of Technology, Pune",Savitribai Phule Pune University,Nashik,2683,1384,1299,194,76,350,86,67,58,6,396,B,2023
"Maharashtra Institute of Technology, Pune",Savitribai Phule Pune University,Nashik,2576,1286,1290,177,75,378,91,65,57,12,424,B,2024
"Maharashtra Institute of Technology, Pune",Savitribai Phule Pune University,Nashik,2663,1737,926,192,75,355,91,66,56,6,448,B,2025
"Vivekanand Education Society's Institute of Technology, Mumbai 75",Shivaji University,Ratnagiri,3559,1536,2023,285,64,455,61,88,65,90,568,A+,2022
"Vivekanand Education Society's Institute of Technology, Mumbai 75",Shivaji University,Ratnagiri,3941,2435,1506,286,68,473,64,88,63,90,609,A+,2023
"Vivekanand Education Society's Institute of Technology, Mumbai 75",Shivaji University,Ratnagiri,3902,2272,1630,291,68,425,63,87,62,89,662,A+,2024
"Vivekanand Education Society's Institute of Technology, Mumbai 75",Shivaji University,Ratnagiri,4434,2606,1828,302,63,456,67,87,62,89,677,A+,2025
"Sandip Foundation College of Engineering, Nashik",Shivaji University,Ratnagiri,4999,2903,2096,234,56,1199,72,90,53,23,735,B++,2022
"Sandip Foundation College of Engineering, Nashik",Shivaji University,Ratnagiri,5204,3452,1752,220,57,1049,69,90,53,19,784,B++,2023
"Sandip Foundation College of Engineering, Nashik",Shivaji University,Ratnagiri,5767,3024,2743,215,58,1063,70,92,50,25,812,B++,2024
"Sandip Foundation College of Engineering, Nashik",Shivaji University,Ratnagiri,5882,2609,3273,249,67,1026,71,90,52,25,813,B++,2025
"Atharva College of Engineering, Chandrapur",Dr. Babasaheb Ambedkar Technological University,Chandrapur,1631,857,774,69,52,193,64,93,65,25,924,A,2022
"Atharva College of Engineering, Chandrapur",Dr. Babasaheb Ambedkar Technological University,Chandrapur,1685,1098,587,70,49,188,60,97,64,25,1018,A,2023
"Atharva College of Engineering, Chandrapur",Dr. Babasaheb Ambedkar Technological University,Chandrapur,1841,1227,614,70,54,205,63,93,66,22,1070,A,2024
"Atharva College of Engineering, Chandrapur",Dr. Babasaheb Ambedkar Technological University,Chandrapur,1863,1211,652,70,51,196,65,94,65,26,1132,A,2025
"Pillai College of Engineering, Latur 30",Shivaji University,Kolhapur,5236,3064,2172,333,64,560,62,81,74,83,1041,A++,2022
"Pillai College of Engineering, Latur 30",Shivaji University,Kolhapur,5434,2938,2496,350,67,592,62,80,71,82,1092,A++,2023
"Pillai College of Engineering, Latur 30",Shivaji University,Kolhapur,5847,3489,2358,350,67,584,66,82,71,80,1218,A++,2024
"Pillai College of Engineering, Latur 30",Shivaji University,Kolhapur,6000,2988,3012,344,66,613,68,84,73,82,1211,A++,2025
"St. John College of Engineering, Wadala 69",Shivaji University,Sangli,1329,835,494,58,62,119,79,68,57,74,916,A++,2022
"St. John College of Engineering, Wadala 69",Shivaji University,Sangli,1374,652,722,59,63,104,78,66,55,77,963,A++,2023
"St. John College of Engineering, Wadala 69",Shivaji University,Sangli,1542,917,625,54,66,122,78,65,55,77,972,A++,2024
"St. John College of Engineering, Wadala 69",Shivaji University,Sangli,1612,958,654,56,65,126,78,69,57,76,1043,A++,2025
"Pillai College of Engineering, Akola 56",University of Mumbai,Palghar,1362,818,544,72,84,115,60,93,50,64,1120,B+,2022
"Pillai College of Engineering, Akola 56",University of Mumbai,Palghar,1440,859,581,81,81,109,63,92,50,64,1227,B+,2023
"Pillai College of Engineering, Akola 56",University of Mumbai,Palghar,1557,668,889,78,82,107,66,93,50,69,1216,B+,2024
"Pillai College of Engineering, Akola 56",University of Mumbai,Palghar,1548,718,830,75,82,108,62,90,50,65,1395,B+,2025
"Sandip Foundation College of Engineering, Akola 95",Rashtrasant Tukadoji Maharaj Nagpur University,Wardha,3303,2143,1160,190,87,674,100,83,93,17,657,A+,2022
"Sandip Foundation College of Engineering, Akola 95",Rashtrasant Tukadoji Maharaj Nagpur University,Wardha,3362,2231,1131,188,84,769,98,86,94,14,673,A+,2023
"Sandip Foundation College of Engineering, Akola 95",Rashtrasant Tukadoji Maharaj Nagpur University,Wardha,3560,1953,1607,184,85,774,98,83,93,15,745,A+,2024
"Sandip Foundation College of Engineering, Akola 95",Rashtrasant Tukadoji Maharaj Nagpur University,Wardha,3637,1898,1739,179,86,789,99,86,91,13,756,A+,2025
"Dwarkadas J. Sanghvi College of Engineering, Latur",Shivaji University,Sangli,2648,1155,1493,142,53,352,87,74,90,75,642,B++,2022
"Dwarkadas J. Sanghvi College of Engineering, Latur",Shivaji University,Sangli,2719,1310,1409,136,54,376,85,75,88,75,705,B++,2023
"Dwarkadas J. Sanghvi College of Engineering, Latur",Shivaji University,Sangli,2958,1315,1643,138,56,324,82,74,91,71,776,B++,2024
"Dwarkadas J. Sanghvi College of Engineering, Latur",Shivaji University,Sangli,3205,1998,1207,130,63,322,87,77,88,69,805,B++,2025
"St. John College of Engineering, Karad 39",Shivaji University,Satara,3718,1846,1872,159,80,663,89,92,77,86,486,A+,2022
"St. John College of Engineering, Karad 39",Shivaji University,Satara,4019,2607,1412,166,85,667,91,91,80,87,515,A+,2023
"St. John College of Engineering, Karad 39",Shivaji University,Satara,3953,1765,2188,165,82,660,93,92,78,88,558,A+,2024
"St. John College of Engineering, Karad 39",Shivaji University,Satara,4221,2301,1920,166,84,614,94,91,77,84,576,A+,2025
"Dwarkadas J. Sanghvi College of Engineering, Kalyan 95",University of Mumbai,Thane,1092,731,361,74,87,191,82,69,98,30,1331,B,2022
"Dwarkadas J. Sanghvi College of Engineering, Kalyan 95",University of Mumbai,Thane,1139,587,552,66,86,171,82,72,97,30,1421,B,2023
"Dwarkadas J. Sanghvi College of Engineering, Kalyan 95",University of Mumbai,Thane,1286,754,532,68,86,182,84,71,100,31,1500,B,2024
"Dwarkadas J. Sanghvi College of Engineering, Kalyan 95",University of Mumbai,Thane,1336,757,579,70,90,184,81,68,100,33,1500,B,2025
"Shri Guru Gobind Singhji Institute of Engineering, Jalgaon 19",University of Mumbai,Mumbai,2303,1518,785,91,83,483,62,93,78,82,1193,A++,2022
"Shri Guru Gobind Singhji Institute of Engineering, Jalgaon 19",University of Mumbai,Mumbai,2508,1579,929,88,87,456,61,94,75,77,1231,A++,2023
"Shri Guru Gobind Singhji Institute of Engineering, Jalgaon 19",University of Mumbai,Mumbai,2571,1175,1396,89,87,442,62,93,76,79,1278,A++,2024
"Shri Guru Gobind Singhji Institute of Engineering, Jalgaon 19",University of Mumbai,Mumbai,2815,1708,1107,87,91,462,64,92,76,83,1363,A++,2025
"Bharti Vidyapeeth College of Engineering, Bandra",SNDT Women's University,Latur,1516,964,552,70,45,332,64,92,66,20,1050,A+,2022
"Bharti Vidyapeeth College of Engineering, Bandra",SNDT Women's University,Latur,1634,759,875,75,48,370,63,90,64,20,1164,A+,2023
"Bharti Vidyapeeth College of Engineering, Bandra",SNDT Women's University,Latur,1678,869,809,73,49,376,65,90,64,25,1209,A+,2024
"Bharti Vidyapeeth College of Engineering, Bandra",SNDT Women's University,Latur,1896,957,939,69,48,369,71,94,66,20,1312,A+,2025
"Fr. Conceicao Rodrigues College of Engineering, Mumbai",North Maharashtra University,Dhule,3996,2500,1496,304,72,694,98,87,99,56,1240,A++,2022
"Fr. Conceicao Rodrigues College of Engineering, Mumbai",North Maharashtra University,Dhule,3975,2405,1570,300,78,722,95,86,99,57,1309,A++,2023
"Fr. Conceicao Rodrigues College of Engineering, Mumbai",North Maharashtra University,Dhule,4538,2594,1944,276,75,747,96,84,100,54,1375,A++,2024
"Fr. Conceicao Rodrigues College of Engineering, Mumbai",North Maharashtra University,Dhule,4766,2709,2057,319,78,658,94,84,97,55,1478,A++,2025
"Ramrao Adik Institute of Technology, Navi Mumbai",North Maharashtra University,Dhule,3770,2155,1615,156,93,802,88,82,100,30,1315,B+,2022
"Ramrao Adik Institute of Technology, Navi Mumbai",North Maharashtra University,Dhule,3951,2052,1899,148,92,776,85,81,97,30,1417,B+,2023
"Ramrao Adik Institute of Technology, Navi Mumbai",North Maharashtra University,Dhule,4241,2490,1751,164,93,749,86,81,97,32,1409,B+,2024
"Ramrao Adik Institute of Technology, Navi Mumbai",North Maharashtra University,Dhule,4266,2156,2110,152,95,764,91,80,99,28,1500,B+,2025
"Sardar Patel College of Engineering, Dhule 63",University of Mumbai,Raigad,2481,1265,1216,155,92,287,80,84,72,71,242,A+,2022
"Sardar Patel College of Engineering, Dhule 63",University of Mumbai,Raigad,2738,1256,1482,141,90,282,75,87,70,70,260,A+,2023
"Sardar Patel College of Engineering, Dhule 63",University of Mumbai,Raigad,2821,1528,1293,151,93,285,77,85,72,72,288,A+,2024
"Sardar Patel College of Engineering, Dhule 63",University of Mumbai,Raigad,2909,1553,1356,152,89,263,80,85,71,71,273,A+,2025
"K.J. Somaiya College of Engineering, Aurangabad",Dr. Babasaheb Ambedkar Technological University,Yavatmal,2127,1354,773,167,73,235,92,92,54,25,884,B,2022
"K.J. Somaiya College of Engineering, Aurangabad",Dr. Babasaheb Ambedkar Technological University,Yavatmal,2199,941,1258,162,73,242,92,93,55,26,911,B,2023
"K.J. Somaiya College of Engineering, Aurangabad",Dr. Babasaheb Ambedkar Technological University,Yavatmal,2267,1267,1000,163,70,230,90,91,52,24,952,B,2024
"K.J. Somaiya College of Engineering, Aurangabad",Dr. Babasaheb Ambedkar Technological University,Yavatmal,2426,1039,1387,177,77,216,89,89,55,25,1016,B,2025
"St. John College of Engineering, Dhule",Dr. Babasaheb Ambedkar Technological University,Yavatmal,3266,1817,1449,182,68,365,82,91,86,95,1085,B+,2022
"St. John College of Engineering, Dhule",Dr. Babasaheb Ambedkar Technological University,Yavatmal,3366,1883,1483,183,65,355,87,90,84,98,1156,B+,2023
"St. John College of Engineering, Dhule",Dr. Babasaheb Ambedkar Technological University,Yavatmal,3658,2211,1447,183,69,370,86,92,85,93,1194,B+,2024
"St. John College of Engineering, Dhule",Dr. Babasaheb Ambedkar Technological University,Yavatmal,3688,1610,2078,181,69,365,87,92,86,95,1352,B+,2025
"K.K. Wagh Institute of Engineering Education, Jalgaon",Shivaji University,Solapur,4204,2080,2124,350,69,710,88,75,81,17,1288,B++,2022
"K.K. Wagh Institute of Engineering Education, Jalgaon",Shivaji University,Solapur,4500,2375,2125,332,69,726,87,74,78,16,1367,B++,2023
"K.K. Wagh Institute of Engineering Education, Jalgaon",Shivaji University,Solapur,4322,2810,1512,330,72,702,83,74,81,16,1500,B++,2024
"K.K. Wagh Institute of Engineering Education, Jalgaon",Shivaji University,Solapur,4824,3274,1550,326,66,733,90,75,81,16,1446,B++,2025
"Vivekanand Education Society's Institute of Technology, Pune 76",Shivaji University,Sindhudurg,647,279,368,49,75,50,91,77,53,33,773,B,2022
"Vivekanand Education Society's Institute of Technology, Pune 76",Shivaji University,Sindhudurg,682,412,270,50,76,51,86,74,53,35,892,B,2023
"Vivekanand Education Society's Institute of Technology, Pune 76",Shivaji University,Sindhudurg,705,446,259,56,72,55,91,74,53,32,871,B,2024
"Vivekanand Education Society's Institute of Technology, Pune 76",Shivaji University,Sindhudurg,796,369,427,55,71,53,89,77,54,31,928,B,2025
"Vishwakarma Institute of Technology, Solapur",Shivaji University,Sangli,2453,1460,993,109,67,275,68,97,50,95,1117,B++,2022
"Vishwakarma Institute of Technology, Solapur",Shivaji University,Sangli,2680,1542,1138,106,74,271,63,95,51,93,1129,B++,2023
"Vishwakarma Institute of Technology, Solapur",Shivaji University,Sangli,2808,1901,907,112,72,267,63,94,50,98,1297,B++,2024
"Vishwakarma Institute of Technology, Solapur",Shivaji University,Sangli,3037,1847,1190,106,78,237,66,95,51,96,1275,B++,2025
"Maharashtra Institute of Technology, Ratnagiri",Savitribai Phule Pune University,Pune,765,508,257,31,59,63,60,73,64,16,989,B,2022
"Maharashtra Institute of Technology, Ratnagiri",Savitribai Phule Pune University,Pune,763,362,401,32,61,71,60,72,64,14,1035,B,2023
"Maharashtra Institute of Technology, Ratnagiri",Savitribai Phule Pune University,Pune,872,479,393,36,66,73,65,76,65,15,1167,B,2024
"Maharashtra Institute of Technology, Ratnagiri",Savitribai Phule Pune University,Pune,898,606,292,35,61,66,65,74,67,13,1151,B,2025
"Bharti Vidyapeeth College of Engineering, Thane",Rashtrasant Tukadoji Maharaj Nagpur University,Bhandara,1740,995,745,84,91,322,72,82,56,71,140,A,2022
"Bharti Vidyapeeth College of Engineering, Thane",Rashtrasant Tukadoji Maharaj Nagpur University,Bhandara,1892,946,946,89,92,329,67,83,57,74,145,A,2023
"Bharti Vidyapeeth College of Engineering, Thane",Rashtrasant Tukadoji Maharaj Nagpur University,Bhandara,1833,867,966,79,97,337,70,83,57,73,160,A,2024
"Bharti Vidyapeeth College of Engineering, Thane",Rashtrasant Tukadoji Maharaj Nagpur University,Bhandara,2073,1151,922,92,95,338,70,84,57,72,160,A,2025
"Shri Guru Gobind Singhji Institute of Engineering, Baramati",North Maharashtra University,Nandurbar,3315,2183,1132,148,56,240,75,73,95,96,653,B++,2022
"Shri Guru Gobind Singhji Institute of Engineering, Baramati",North Maharashtra University,Nandurbar,3451,2229,1222,128,57,213,73,70,94,95,678,B++,2023
"Shri Guru Gobind Singhji Institute of Engineering, Baramati",North Maharashtra University,Nandurbar,3845,2409,1436,131,63,215,78,72,95,96,763,B++,2024
"Shri Guru Gobind Singhji Institute of Engineering, Baramati",North Maharashtra University,Nandurbar,3877,1806,2071,132,60,238,79,70,95,100,816,B++,2025
"Sandip Foundation College of Engineering, Shirur 73",Rashtrasant Tukadoji Maharaj Nagpur University,Gondia,2964,1994,970,159,85,374,92,88,52,56,982,A++,2022
"Sandip Foundation College of Engineering, Shirur 73",Rashtrasant Tukadoji Maharaj Nagpur University,Gondia,3395,1851,1544,168,90,403,95,86,50,54,1100,A++,2023
"Sandip Foundation College of Engineering, Shirur 73",Rashtrasant Tukadoji Maharaj Nagpur University,Gondia,3313,1790,1523,160,91,381,93,84,51,51,1172,A++,2024
"Sandip Foundation College of Engineering, Shirur 73",Rashtrasant Tukadoji Maharaj Nagpur University,Gondia,3435,2260,1175,149,94,394,93,87,52,53,1281,A++,2025
"D.Y. Patil Institute of Engineering, Satara 82",SNDT Women's University,Parbhani,1678,867,811,91,88,238,74,93,81,56,1170,B,2022
"D.Y. Patil Institute of Engineering, Satara 82",SNDT Women's University,Parbhani,1746,1167,579,95,93,243,77,95,78,57,1268,B,2023
"D.Y. Patil Institute of Engineering, Satara 82",SNDT Women's University,Parbhani,1772,857,915,91,94,249,80,93,79,54,1379,B,2024
"D.Y. Patil Institute of Engineering, Satara 82",SNDT Women's University,Parbhani,1984,909,1075,88,92,219,82,93,81,55,1482,B,2025
"Sardar Patel College of Engineering, Nanded 12",Shivaji University,Solapur,2391,1054,1337,110,83,357,84,86,52,64,725,B++,2022
"Sardar Patel College of Engineering, Nanded 12",Shivaji University,Solapur,2461,1278,1183,100,84,402,86,84,50,65,752,B++,2023
"Sardar Patel College of Engineering, Nanded 12",Shivaji University,Solapur,2636,1665,971,100,82,415,85,86,50,61,822,B++,2024
"Sardar Patel College of Engineering, Nanded 12",Shivaji University,Solapur,2497,1094,1403,107,88,376,85,87,51,61,828,B++,2025
"Sinhgad Institute of Technology, Kalyan",Rashtrasant Tukadoji Maharaj Nagpur University,Gondia,3078,1451,1627,188,80,550,80,65,83,22,243,A,2022
"Sinhgad Institute of Technology, Kalyan",Rashtrasant Tukadoji Maharaj Nagpur University,Gondia,3085,1904,1181,191,86,549,78,65,83,21,263,A,2023
"Sinhgad Institute of Technology, Kalyan",Rashtrasant Tukadoji Maharaj Nagpur University,Gondia,3305,1625,1680,193,84,553,80,65,82,21,278,A,2024
"Sinhgad Institute of Technology, Kalyan",Rashtrasant Tukadoji Maharaj Nagpur University,Gondia,3727,2210,1517,208,82,511,80,65,85,25,303,A,2025
"Walchand College of Engineering, Akola",Shivaji University,Ratnagiri,4210,2059,2151,196,77,566,60,70,69,27,869,A+,2022
"Walchand College of Engineering, Akola",Shivaji University,Ratnagiri,4462,2645,1817,193,73,607,64,70,67,25,902,A+,2023
"Walchand College of Engineering, Akola",Shivaji University,Ratnagiri,4592,2794,1798,209,76,502,60,72,69,30,990,A+,2024
"Walchand College of Engineering, Akola",Shivaji University,Ratnagiri,4553,2447,2106,202,82,556,65,69,67,30,1080,A+,2025
"Terna Engineering College, Jalgaon",Shivaji University,Sindhudurg,4135,1754,2381,204,63,585,97,86,74,87,949,A,2022
"Terna Engineering College, Jalgaon",Shivaji University,Sindhudurg,4201,2433,1768,195,70,581,95,84,74,88,1015,A,2023
"Terna Engineering College, Jalgaon",Shivaji University,Sindhudurg,4574,2955,1619,221,73,484,96,84,73,92,1089,A,2024
"Terna Engineering College, Jalgaon",Shivaji University,Sindhudurg,4712,3050,1662,197,73,583,97,88,72,87,1090,A,2025
"Sardar Patel College of Engineering, Latur",Rashtrasant Tukadoji Maharaj Nagpur University,Nagpur,1952,1154,798,113,94,321,68,76,64,94,1018,B,2022
"Sardar Patel College of Engineering, Latur",Rashtrasant Tukadoji Maharaj Nagpur University,Nagpur,1956,952,1004,120,90,302,72,78,62,97,1085,B,2023
"Sardar Patel College of Engineering, Latur",Rashtrasant Tukadoji Maharaj Nagpur University,Nagpur,2211,1464,747,126,91,301,72,78,65,97,1098,B,2024
"Sardar Patel College of Engineering, Latur",Rashtrasant Tukadoji Maharaj Nagpur University,Nagpur,2152,1066,1086,113,96,307,71,75,64,92,1254,B,2025
"Sardar Patel College of Engineering, Akola",Rashtrasant Tukadoji Maharaj Nagpur University,Bhandara,5152,2936,2216,299,47,1050,76,80,75,21,671,B+,2022
"Sardar Patel College of Engineering, Akola",Rashtrasant Tukadoji Maharaj Nagpur University,Bhandara,5386,3569,1817,305,51,950,75,81,75,21,678,B+,2023
"Sardar Patel College of Engineering, Akola",Rashtrasant Tukadoji Maharaj Nagpur University,Bhandara,5782,3687,2095,324,56,959,78,78,72,23,731,B+,2024
"Sardar Patel College of Engineering, Akola",Rashtrasant Tukadoji Maharaj Nagpur University,Bhandara,5766,3454,2312,313,57,1059,78,80,74,24,837,B+,2025
"Government College of Engineering, Bandra",Shivaji University,Solapur,836,527,309,42,88,212,94,70,50,76,637,A++,2022
"Government College of Engineering, Bandra",Shivaji University,Solapur,951,579,372,43,88,218,92,72,51,73,677,A++,2023
"Government College of Engineering, Bandra",Shivaji University,Solapur,1020,629,391,44,95,208,91,70,52,70,678,A++,2024
"Government College of Engineering, Bandra",Shivaji University,Solapur,1045,596,449,47,92,197,91,73,50,73,768,A++,2025
"Thadomal Shahani Engineering College, Kalyan",University of Mumbai,Thane,2319,1061,1258,89,74,186,61,90,80,11,1197,A++,2022
"Thadomal Shahani Engineering College, Kalyan",University of Mumbai,Thane,2583,1337,1246,101,74,193,61,90,83,7,1304,A++,2023
"Thadomal Shahani Engineering College, Kalyan",University of Mumbai,Thane,2501,1385,1116,91,79,194,67,91,81,6,1273,A++,2024
"Thadomal Shahani Engineering College, Kalyan",University of Mumbai,Thane,2710,1351,1359,95,76,183,66,88,83,12,1466,A++,2025
"Smt. Kashibai Navale College of Engineering, Wadala",Savitribai Phule Pune University,Nashik,2721,1590,1131,221,56,193,83,77,100,68,814,B+,2022
"Smt. Kashibai Navale College of Engineering, Wadala",Savitribai Phule Pune University,Nashik,2902,1236,1666,225,64,199,88,77,99,66,857,B+,2023
"Smt. Kashibai Navale College of Engineering, Wadala",Savitribai Phule Pune University,Nashik,3100,1651,1449,225,59,201,89,81,99,66,944,B+,2024
"Smt. Kashibai Navale College of Engineering, Wadala",Savitribai Phule Pune University,Nashik,2997,1692,1305,224,67,208,89,81,98,69,998,B+,2025
"Fr. Conceicao Rodrigues College of Engineering, Thane",Shivaji University,Sindhudurg,2872,1876,996,134,46,415,66,78,89,24,569,B++,2022
"Fr. Conceicao Rodrigues College of Engineering, Thane",Shivaji University,Sindhudurg,2822,1303,1519,143,45,422,63,80,91,26,653,B++,2023
"Fr. Conceicao Rodrigues College of Engineering, Thane",Shivaji University,Sindhudurg,2942,1983,959,145,49,442,68,78,92,25,671,B++,2024
"Fr. Conceicao Rodrigues College of Engineering, Thane",Shivaji University,Sindhudurg,3293,1830,1463,153,52,470,69,77,89,29,733,B++,2025
"Sandip Foundation College of Engineering, Nagpur",University of Mumbai,Thane,1001,469,532,73,70,153,99,97,68,5,519,B+,2022
"Sandip Foundation College of Engineering, Nagpur",University of Mumbai,Thane,1039,604,435,70,72,134,100,94,70,4,538,B+,2023
"Sandip Foundation College of Engineering, Nagpur",University of Mumbai,Thane,1103,585,518,78,77,132,100,95,68,6,587,B+,2024
"Sandip Foundation College of Engineering, Nagpur",University of Mumbai,Thane,1216,770,446,77,76,150,99,96,70,1,668,B+,2025
"Shri Guru Gobind Singhji Institute of Engineering, Bandra",SNDT Women's University,Beed,2170,1063,1107,90,99,436,96,75,78,13,1135,A++,2022
"Shri Guru Gobind Singhji Institute of Engineering, Bandra",SNDT Women's University,Beed,2254,1414,840,86,93,434,95,78,76,17,1234,A++,2023
"Shri Guru Gobind Singhji Institute of Engineering, Bandra",SNDT Women's University,Beed,2366,1441,925,87,100,409,97,79,78,15,1229,A++,2024
"Shri Guru Gobind Singhji Institute of Engineering, Bandra",SNDT Women's University,Beed,2445,1057,1388,87,100,416,100,79,79,14,1352,A++,2025
"Walchand College of Engineering, Lonavala",Shivaji University,Solapur,976,584,392,85,93,102,97,83,77,17,979,A+,2022
"Walchand College of Engineering, Lonavala",Shivaji University,Solapur,1037,645,392,85,98,114,94,84,79,18,1031,A+,2023
"Walchand College of Engineering, Lonavala",Shivaji University,Solapur,1077,719,358,83,96,105,100,81,79,15,1133,A+,2024
"Walchand College of Engineering, Lonavala",Shivaji University,Solapur,1212,709,503,77,97,119,96,85,77,12,1200,A+,2025
"Terna Engineering College, Latur",North Maharashtra University,Nandurbar,4251,2330,1921,235,75,302,64,91,99,41,1223,A,2022
"Terna Engineering College, Latur",North Maharashtra University,Nandurbar,4690,3052,1638,229,76,263,60,90,99,43,1309,A,2023
"Terna Engineering College, Latur",North Maharashtra University,Nandurbar,4605,3124,1481,227,79,302,60,94,99,39,1414,A,2024
"Terna Engineering College, Latur",North Maharashtra University,Nandurbar,5166,2872,2294,212,73,284,62,94,98,38,1455,A,2025
"Sardar Patel College of Engineering, Pune",North Maharashtra University,Nandurbar,4744,2452,2292,227,45,1200,80,65,99,95,418,B,2022
"Sardar Patel College of Engineering, Pune",North Maharashtra University,Nandurbar,4933,2074,2859,248,49,1081,76,69,97,96,464,B,2023
"Sardar Patel College of Engineering, Pune",North Maharashtra University,Nandurbar,5534,2407,3127,223,51,1106,77,65,97,95,496,B,2024
"Sardar Patel College of Engineering, Pune",North Maharashtra University,Nandurbar,5347,2738,2609,227,52,1076,80,69,98,96,479,B,2025
"Thadomal Shahani Engineering College, Navi Mumbai",North Maharashtra University,Dhule,1825,840,985,72,71,311,90,70,81,44,882,A,2022
"Thadomal Shahani Engineering College, Navi Mumbai",North Maharashtra University,Dhule,1933,947,986,76,76,291,90,71,79,43,947,A,2023
"Thadomal Shahani Engineering College, Navi Mumbai",North Maharashtra University,Dhule,2075,931,1144,68,72,306,94,70,79,42,990,A,2024
"Thadomal Shahani Engineering College, Navi Mumbai",North Maharashtra University,Dhule,2249,1505,744,76,72,308,94,71,80,43,1062,A,2025
"Vishwakarma Institute of Technology, Nanded",Dr. Babasaheb Ambedkar Technological University,Beed,3649,1911,1738,173,65,582,82,65,79,9,672,A,2022
"Vishwakarma Institute of Technology, Nanded",Dr. Babasaheb Ambedkar Technological University,Beed,3567,2132,1435,155,65,620,86,65,81,11,712,A,2023
"Vishwakarma Institute of Technology, Nanded",Dr. Babasaheb Ambedkar Technological University,Beed,3942,2435,1507,160,63,657,84,66,80,14,739,A,2024
"Vishwakarma Institute of Technology, Nanded",Dr. Babasaheb Ambedkar Technological University,Beed,4014,2417,1597,171,68,591,89,65,79,9,869,A,2025
"Sardar Patel College of Engineering, Nanded",Rashtrasant Tukadoji Maharaj Nagpur University,Bhandara,4372,2557,1815,178,45,746,93,93,76,6,426,B++,2022
"Sardar Patel College of Engineering, Nanded",Rashtrasant Tukadoji Maharaj Nagpur University,Bhandara,4431,2856,1575,183,50,732,96,93,76,5,469,B++,2023
"Sardar Patel College of Engineering, Nanded",Rashtrasant Tukadoji Maharaj Nagpur University,Bhandara,4561,2422,2139,173,45,726,94,94,78,4,492,B++,2024
"Sardar Patel College of Engineering, Nanded",Rashtrasant Tukadoji Maharaj Nagpur University,Bhandara,4746,2043,2703,173,49,718,96,94,75,6,511,B++,2025
"Dwarkadas J. Sanghvi College of Engineering, Ratnagiri",SNDT Women's University,Latur,2071,1065,1006,128,50,465,90,98,57,2,1258,A++,2022
"Dwarkadas J. Sanghvi College of Engineering, Ratnagiri",SNDT Women's University,Latur,2169,1329,840,134,55,426,87,95,59,0,1407,A++,2023
"Dwarkadas J. Sanghvi College of Engineering, Ratnagiri",SNDT Women's University,Latur,2114,1296,818,124,54,422,89,94,56,4,1462,A++,2024
"Dwarkadas J. Sanghvi College of Engineering, Ratnagiri",SNDT Women's University,Latur,2258,1226,1032,138,60,469,87,95,57,3,1500,A++,2025
"Sinhgad Institute of Technology, Latur",Shivaji University,Ratnagiri,1136,736,400,84,56,177,66,75,80,91,616,B++,2022
"Sinhgad Institute of Technology, Latur",Shivaji University,Ratnagiri,1214,803,411,80,49,151,66,73,82,88,710,B++,2023
"Sinhgad Institute of Technology, Latur",Shivaji University,Ratnagiri,1221,821,400,76,56,161,69,76,80,89,718,B++,2024
"Sinhgad Institute of Technology, Latur",Shivaji University,Ratnagiri,1353,766,587,78,55,152,66,73,81,92,785,B++,2025
"Dwarkadas J. Sanghvi College of Engineering, Bandra",SNDT Women's University,Osmanabad,2372,1483,889,128,58,273,100,96,98,19,217,B++,2022
"Dwarkadas J. Sanghvi College of Engineering, Bandra",SNDT Women's University,Osmanabad,2326,1112,1214,129,55,260,96,97,97,16,244,B++,2023
"Dwarkadas J. Sanghvi College of Engineering, Bandra",SNDT Women's University,Osmanabad,2411,1626,785,139,55,288,96,97,98,16,239,B++,2024
"Dwarkadas J. Sanghvi College of Engineering, Bandra",SNDT Women's University,Osmanabad,2742,1543,1199,133,59,309,99,97,96,19,276,B++,2025
"Sardar Patel College of Engineering, Dhule 54",Shivaji University,Sangli,2542,1212,1330,113,61,443,94,98,58,59,1121,B+,2022
"Sardar Patel College of Engineering, Dhule 54",Shivaji University,Sangli,2575,1519,1056,112,68,438,97,95,60,56,1141,B+,2023
"Sardar Patel College of Engineering, Dhule 54",Shivaji University,Sangli,2783,1789,994,104,68,440,100,97,60,55,1305,B+,2024
"Sardar Patel College of Engineering, Dhule 54",Shivaji University,Sangli,2723,1272,1451,100,64,437,99,95,60,54,1291,B+,2025
"Thadomal Shahani Engineering College, Ratnagiri",Rashtrasant Tukadoji Maharaj Nagpur University,Bhandara,3413,2158,1255,191,64,648,72,90,64,99,887,B+,2022
"Thadomal Shahani Engineering College, Ratnagiri",Rashtrasant Tukadoji Maharaj Nagpur University,Bhandara,3651,1628,2023,186,62,724,75,90,63,96,947,B+,2023
"Thadomal Shahani Engineering College, Ratnagiri",Rashtrasant Tukadoji Maharaj Nagpur University,Bhandara,3775,2218,1557,172,66,748,75,88,63,100,1028,B+,2024
"Thadomal Shahani Engineering College, Ratnagiri",Rashtrasant Tukadoji Maharaj Nagpur University,Bhandara,4071,1822,2249,193,69,760,74,88,64,99,1069,B+,2025
"Maharashtra Institute of Technology, Nanded 91",North Maharashtra University,Dhule,3483,2201,1282,126,98,646,66,98,53,18,1035,B++,2022
"Maharashtra Institute of Technology, Nanded 91",North Maharashtra University,Dhule,3376,1457,1919,131,93,695,72,97,52,13,1145,B++,2023
"Maharashtra Institute of Technology, Nanded 91",North Maharashtra University,Dhule,3526,1872,1654,123,97,655,72,97,51,16,1127,B++,2024
"Maharashtra Institute of Technology, Nanded 91",North Maharashtra University,Dhule,3718,1659,2059,140,99,635,70,94,53,13,1303,B++,2025
"Sanjay Ghodawat Institute, Nanded 57",Rashtrasant Tukadoji Maharaj Nagpur University,Nagpur,3939,1836,2103,347,52,525,67,69,81,99,604,B+,2022
"Sanjay Ghodawat Institute, Nanded 57",Rashtrasant Tukadoji Maharaj Nagpur University,Nagpur,4018,2209,1809,338,55,538,71,67,79,100,652,B+,2023
"Sanjay Ghodawat Institute, Nanded 57",Rashtrasant Tukadoji Maharaj Nagpur University,Nagpur,4148,2449,1699,336,58,501,73,70,79,97,672,B+,2024
"Sanjay Ghodawat Institute, Nanded 57",Rashtrasant Tukadoji Maharaj Nagpur University,Nagpur,4813,2369,2444,323,55,474,71,69,81,100,699,B+,2025
"Vishwakarma Institute of Technology, Shirur",University of Mumbai,Raigad,2985,1574,1411,129,80,338,82,95,86,4,1252,A++,2022
"Vishwakarma Institute of Technology, Shirur",University of Mumbai,Raigad,3107,1702,1405,124,79,356,81,97,84,6,1279,A++,2023
"Vishwakarma Institute of Technology, Shirur",University of Mumbai,Raigad,3201,1513,1688,130,82,369,79,94,83,3,1394,A++,2024
"Vishwakarma Institute of Technology, Shirur",University of Mumbai,Raigad,3570,2222,1348,116,85,339,85,98,86,2,1445,A++,2025
"Rajarambapu Institute of Technology, Jalgaon",North Maharashtra University,Dhule,2121,1302,819,91,70,498,63,94,61,85,662,A,2022
"Rajarambapu Institute of Technology, Jalgaon",North Maharashtra University,Dhule,2330,1023,1307,103,71,462,65,92,59,86,668,A,2023
"Rajarambapu Institute of Technology, Jalgaon",North Maharashtra University,Dhule,2429,1534,895,92,72,507,65,95,61,88,732,A,2024
"Rajarambapu Institute of Technology, Jalgaon",North Maharashtra University,Dhule,2474,1541,933,101,75,471,65,91,60,89,750,A,2025
"Government College of Engineering, Mumbai",University of Mumbai,Mumbai Suburban,3132,1660,1472,203,57,317,89,76,61,24,233,A,2022
"Government College of Engineering, Mumbai",University of Mumbai,Mumbai Suburban,3481,1708,1773,177,57,344,84,75,62,23,244,A,2023
"Government College of Engineering, Mumbai",University of Mumbai,Mumbai Suburban,3460,2193,1267,204,53,333,87,77,61,24,275,A,2024
"Government College of Engineering, Mumbai",University of Mumbai,Mumbai Suburban,3833,1774,2059,199,59,294,85,74,59,21,290,A,2025
"K.K. Wagh Institute of Engineering Education, Sangli",Shivaji University,Kolhapur,5001,2136,2865,337,78,770,87,83,91,4,992,B++,2022
"K.K. Wagh Institute of Engineering Education, Sangli",Shivaji University,Kolhapur,4953,2340,2613,350,74,797,90,83,91,2,1075,B++,2023
"K.K. Wagh Institute of Engineering Education, Sangli",Shivaji University,Kolhapur,5372,2323,3049,327,76,753,89,81,94,2,1054,B++,2024
"K.K. Wagh Institute of Engineering Education, Sangli",Shivaji University,Kolhapur,5832,3549,2283,350,74,807,93,83,91,2,1202,B++,2025
"Shri Guru Gobind Singhji Institute of Engineering, Wadala",Savitribai Phule Pune University,Pune,2970,1700,1270,116,60,505,85,82,78,40,449,B++,2022
"Shri Guru Gobind Singhji Institute of Engineering, Wadala",Savitribai Phule Pune University,Pune,3302,2146,1156,124,63,556,85,83,80,38,508,B++,2023
"Shri Guru Gobind Singhji Institute of Engineering, Wadala",Savitribai Phule Pune University,Pune,3332,1711,1621,125,68,479,90,82,79,36,555,B++,2024
"Shri Guru Gobind Singhji Institute of Engineering, Wadala",Savitribai Phule Pune University,Pune,3612,2416,1196,120,70,485,86,80,80,39,583,B++,2025
"St. John College of Engineering, Kalyan",North Maharashtra University,Jalgaon,3246,2118,1128,161,92,331,84,81,50,71,184,B+,2022
"St. John College of Engineering, Kalyan",North Maharashtra University,Jalgaon,3286,1440,1846,167,93,327,85,82,52,74,203,B+,2023
"St. John College of Engineering, Kalyan",North Maharashtra University,Jalgaon,3690,2482,1208,161,92,368,86,83,50,72,204,B+,2024
"St. John College of Engineering, Kalyan",North Maharashtra University,Jalgaon,3846,2567,1279,158,94,344,86,80,50,74,228,B+,2025
"K.K. Wagh Institute of Engineering Education, Akola",SNDT Women's University,Parbhani,5122,2898,2224,207,56,828,97,83,95,99,1283,A+,2022
"K.K. Wagh Institute of Engineering Education, Akola",SNDT Women's University,Parbhani,5247,2834,2413,205,63,859,100,82,92,93,1372,A+,2023
"K.K. Wagh Institute of Engineering Education, Akola",SNDT Women's University,Parbhani,5325,3564,1761,216,63,813,99,79,94,95,1500,A+,2024
"K.K. Wagh Institute of Engineering Education, Akola",SNDT Women's University,Parbhani,5845,3522,2323,219,62,857,100,80,95,94,1500,A+,2025
"Sandip Foundation College of Engineering, Wardha",Rashtrasant Tukadoji Maharaj Nagpur University,Nagpur,5247,2246,3001,350,97,659,100,88,98,16,254,B,2022
"Sandip Foundation College of Engineering, Wardha",Rashtrasant Tukadoji Maharaj Nagpur University,Nagpur,5453,2322,3131,350,98,689,99,87,95,14,265,B,2023
"Sandip Foundation College of Engineering, Wardha",Rashtrasant Tukadoji Maharaj Nagpur University,Nagpur,5843,2907,2936,350,99,726,100,88,96,19,280,B,2024
"Sandip Foundation College of Engineering, Wardha",Rashtrasant Tukadoji Maharaj Nagpur University,Nagpur,6000,3188,2812,350,98,674,98,89,98,16,313,B,2025
"Shri Guru Gobind Singhji Institute of Engineering, Nanded 23",Dr. Babasaheb Ambedkar Technological University,Aurangabad,3296,2211,1085,168,64,711,77,97,68,92,737,B+,2022
"Shri Guru Gobind Singhji Institute of Engineering, Nanded 23",Dr. Babasaheb Ambedkar Technological University,Aurangabad,3419,1564,1855,174,64,603,76,94,70,98,760,B+,2023
"Shri Guru Gobind Singhji Institute of Engineering, Nanded 23",Dr. Babasaheb Ambedkar Technological University,Aurangabad,3689,2195,1494,163,60,733,80,94,70,97,866,B+,2024
"Shri Guru Gobind Singhji Institute of Engineering, Nanded 23",Dr. Babasaheb Ambedkar Technological University,Aurangabad,3544,1689,1855,183,67,694,81,94,70,93,855,B+,2025
"D.Y. Patil Institute of Engineering, Thane 19",Rashtrasant Tukadoji Maharaj Nagpur University,Bhandara,3590,2414,1176,137,76,410,84,65,67,67,323,A+,2022
"D.Y. Patil Institute of Engineering, Thane 19",Rashtrasant Tukadoji Maharaj Nagpur University,Bhandara,3780,2274,1506,139,84,413,84,65,68,69,360,A+,2023
"D.Y. Patil Institute of Engineering, Thane 19",Rashtrasant Tukadoji Maharaj Nagpur University,Bhandara,3756,2482,1274,135,83,393,87,65,68,68,357,A+,2024
"D.Y. Patil Institute of Engineering, Thane 19",Rashtrasant Tukadoji Maharaj Nagpur University,Bhandara,4101,2447,1654,138,80,462,90,65,65,70,364,A+,2025
"Fr. Conceicao Rodrigues College of Engineering, Ratnagiri",Rashtrasant Tukadoji Maharaj Nagpur University,Wardha,5047,2255,2792,303,89,1020,66,81,79,5,1231,A,2022
"Fr. Conceicao Rodrigues College of Engineering, Ratnagiri",Rashtrasant Tukadoji Maharaj Nagpur University,Wardha,5087,2431,2656,289,88,1023,69,80,79,2,1395,A,2023
"Fr. Conceicao Rodrigues College of Engineering, Ratnagiri",Rashtrasant Tukadoji Maharaj Nagpur University,Wardha,5656,2982,2674,306,89,999,66,78,81,2,1481,A,2024
"Fr. Conceicao Rodrigues College of Engineering, Ratnagiri",Rashtrasant Tukadoji Maharaj Nagpur University,Wardha,5483,3498,1985,305,90,1147,65,80,79,0,1414,A,2025
"Vivekanand Education Society's Institute of Technology, Nanded 29",University of Mumbai,Raigad,5381,3436,1945,226,90,558,87,73,58,6,166,A++,2022
"Vivekanand Education Society's Institute of Technology, Nanded 29",University of Mumbai,Raigad,5358,3148,2210,237,92,535,88,73,58,5,178,A++,2023
"Vivekanand Education Society's Institute of Technology, Nanded 29",University of Mumbai,Raigad,5830,3111,2719,211,89,578,89,74,60,8,188,A++,2024
"Vivekanand Education Society's Institute of Technology, Nanded 29",University of Mumbai,Raigad,6000,3826,2174,213,93,543,85,70,60,2,196,A++,2025
"Shri Guru Gobind Singhji Institute of Engineering, Kalyan",Shivaji University,Kolhapur,1494,638,856,90,65,267,91,90,89,97,384,B+,2022
"Shri Guru Gobind Singhji Institute of Engineering, Kalyan",Shivaji University,Kolhapur,1539,742,797,93,69,247,97,90,89,98,396,B+,2023
"Shri Guru Gobind Singhji Institute of Engineering, Kalyan",Shivaji University,Kolhapur,1556,687,869,82,66,271,96,89,86,95,452,B+,2024
"Shri Guru Gobind Singhji Institute of Engineering, Kalyan",Shivaji University,Kolhapur,1638,748,890,84,69,242,96,91,87,95,434,B+,2025
"Atharva College of Engineering, Lonavala",SNDT Women's University,Latur,724,381,343,32,55,90,75,89,57,89,803,A,2022
"Atharva College of Engineering, Lonavala",SNDT Women's University,Latur,768,358,410,30,57,99,77,90,55,84,869,A,2023
"Atharva College of Engineering, Lonavala",SNDT Women's University,Latur,828,451,377,33,64,86,77,88,55,85,895,A,2024
"Atharva College of Engineering, Lonavala",SNDT Women's University,Latur,825,457,368,34,60,103,74,87,55,86,894,A,2025
"Vivekanand Education Society's Institute of Technology, Lonavala",North Maharashtra University,Jalgaon,1821,1092,729,69,74,133,70,66,54,100,729,A,2022
"Vivekanand Education Society's Institute of Technology, Lonavala",North Maharashtra University,Jalgaon,1991,1101,890,72,74,127,71,66,55,97,770,A,2023
"Vivekanand Education Society's Institute of Technology, Lonavala",North Maharashtra University,Jalgaon,2160,1082,1078,77,79,132,74,67,54,100,796,A,2024
"Vivekanand Education Society's Institute of Technology, Lonavala",North Maharashtra University,Jalgaon,2084,1082,1002,70,78,130,77,65,55,98,903,A,2025
"Walchand College of Engineering, Aurangabad 27",Savitribai Phule Pune University,Pune,2101,1020,1081,100,63,225,66,65,67,21,330,B+,2022
"Walchand College of Engineering, Aurangabad 27",Savitribai Phule Pune University,Pune,2194,1125,1069,95,61,226,72,65,66,15,351,B+,2023
"Walchand College of Engineering, Aurangabad 27",Savitribai Phule Pune University,Pune,2111,1067,1044,101,62,250,71,65,69,17,384,B+,2024
"Walchand College of Engineering, Aurangabad 27",Savitribai Phule Pune University,Pune,2359,1053,1306,98,59,235,73,66,69,17,418,B+,2025
"Vivekanand Education Society's Institute of Technology, Amravati 15",Rashtrasant Tukadoji Maharaj Nagpur University,Wardha,1414,612,802,128,91,318,97,83,50,22,573,A++,2022
"Vivekanand Education Society's Institute of Technology, Amravati 15",Rashtrasant Tukadoji Maharaj Nagpur University,Wardha,1504,781,723,130,96,262,100,87,50,22,615,A++,2023
"Vivekanand Education Society's Institute of Technology, Amravati 15",Rashtrasant Tukadoji Maharaj Nagpur University,Wardha,1675,878,797,137,100,263,100,83,50,22,637,A++,2024
"Vivekanand Education Society's Institute of Technology, Amravati 15",Rashtrasant Tukadoji Maharaj Nagpur University,Wardha,1756,1067,689,124,99,284,100,85,53,23,666,A++,2025
"Maharashtra Institute of Technology, Aurangabad 68",Rashtrasant Tukadoji Maharaj Nagpur University,Nagpur,921,622,299,50,91,120,98,69,77,62,488,B,2022
"Maharashtra Institute of Technology, Aurangabad 68",Rashtrasant Tukadoji Maharaj Nagpur University,Nagpur,939,420,519,49,97,106,94,70,79,67,560,B,2023
"Maharashtra Institute of Technology, Aurangabad 68",Rashtrasant Tukadoji Maharaj Nagpur University,Nagpur,1100,729,371,54,96,121,95,69,77,63,546,B,2024
"Maharashtra Institute of Technology, Aurangabad 68",Rashtrasant Tukadoji Maharaj Nagpur University,Nagpur,1067,618,449,53,97,117,97,73,80,61,579,B,2025
"K.K. Wagh Institute of Engineering Education, Mumbai 85",SNDT Women's University,Nanded,5475,3371,2104,223,50,1200,87,90,93,14,1008,B++,2022
"K.K. Wagh Institute of Engineering Education, Mumbai 85",SNDT Women's University,Nanded,5591,2756,2835,219,52,1134,84,92,92,12,1084,B++,2023
"K.K. Wagh Institute of Engineering Education, Mumbai 85",SNDT Women's University,Nanded,6000,3548,2452,217,49,1200,83,93,92,11,1083,B++,2024
"K.K. Wagh Institute of Engineering Education, Mumbai 85",SNDT Women's University,Nanded,5944,3761,2183,199,48,1161,90,94,94,16,1283,B++,2025
"Terna Engineering College, Thane",Savitribai Phule Pune University,Pune,5135,3031,2104,350,50,573,95,85,76,76,1115,A,2022
"Terna Engineering College, Thane",Savitribai Phule Pune University,Pune,5325,3316,2009,332,54,521,99,85,73,74,1154,A,2023
"Terna Engineering College, Thane",Savitribai Phule Pune University,Pune,5334,2393,2941,322,58,496,95,86,76,75,1199,A,2024
"Terna Engineering College, Thane",Savitribai Phule Pune University,Pune,6000,2651,3349,346,54,519,99,87,75,73,1294,A,2025
"Shri Guru Gobind Singhji Institute of Engineering, Thane",Dr. Babasaheb Ambedkar Technological University,Amravati,1307,565,742,54,88,268,93,79,77,58,509,B,2022
"Shri Guru Gobind Singhji Institute of Engineering, Thane",Dr. Babasaheb Ambedkar Technological University,Amravati,1409,781,628,52,83,294,92,77,76,54,574,B,2023
"Shri Guru Gobind Singhji Institute of Engineering, Thane",Dr. Babasaheb Ambedkar Technological University,Amravati,1478,712,766,56,88,270,97,79,79,57,562,B,2024
"Shri Guru Gobind Singhji Institute of Engineering, Thane",Dr. Babasaheb Ambedkar Technological University,Amravati,1584,1027,557,53,88,267,95,78,78,59,631,B,2025
"Atharva College of Engineering, Nanded 52",Dr. Babasaheb Ambedkar Technological University,Amravati,3751,1667,2084,235,64,475,72,94,54,10,254,A,2022
"Atharva College of Engineering, Nanded 52",Dr. Babasaheb Ambedkar Technological University,Amravati,3742,1894,1848,233,58,469,69,95,53,9,279,A,2023
"Atharva College of Engineering, Nanded 52",Dr. Babasaheb Ambedkar Technological University,Amravati,4258,1977,2281,244,59,462,70,97,53,11,296,A,2024
"Atharva College of Engineering, Nanded 52",Dr. Babasaheb Ambedkar Technological University,Amravati,4260,1839,2421,216,64,484,72,97,54,14,287,A,2025
"Rajarambapu Institute of Technology, Satara",SNDT Women's University,Chandrapur,4488,2240,2248,350,83,733,66,93,73,87,882,A+,2022
"Rajarambapu Institute of Technology, Satara",SNDT Women's University,Chandrapur,4836,2048,2788,341,82,792,70,93,74,82,922,A+,2023
"Rajarambapu Institute of Technology, Satara",SNDT Women's University,Chandrapur,5169,3030,2139,330,84,787,70,90,73,85,950,A+,2024
"Rajarambapu Institute of Technology, Satara",SNDT Women's University,Chandrapur,5465,3283,2182,346,82,770,67,92,71,84,1113,A+,2025
"Ramrao Adik Institute of Technology, Mumbai 77",Shivaji University,Satara,1259,823,436,62,62,95,92,79,57,44,1141,A,2022
"Ramrao Adik Institute of Technology, Mumbai 77",Shivaji University,Satara,1367,672,695,59,63,106,93,81,55,44,1244,A,2023
"Ramrao Adik Institute of Technology, Mumbai 77",Shivaji University,Satara,1385,867,518,61,57,111,91,78,58,46,1235,A,2024
"Ramrao Adik Institute of Technology, Mumbai 77",Shivaji University,Satara,1530,890,640,64,61,101,89,79,55,44,1283,A,2025
"Pillai College of Engineering, Nashik 74",Shivaji University,Kolhapur,4598,2640,1958,170,84,708,94,65,87,83,575,B++,2022
"Pillai College of Engineering, Nashik 74",Shivaji University,Kolhapur,5135,3205,1930,184,89,731,92,66,88,86,613,B++,2023
"Pillai College of Engineering, Nashik 74",Shivaji University,Kolhapur,5249,2314,2935,175,89,854,94,67,90,84,707,B++,2024
"Pillai College of Engineering, Nashik 74",Shivaji University,Kolhapur,5165,2520,2645,178,87,734,97,66,88,86,735,B++,2025
"Government College of Engineering, Kolhapur",Rashtrasant Tukadoji Maharaj Nagpur University,Bhandara,2954,1560,1394,177,56,595,97,91,54,18,1304,A,2022
"Government College of Engineering, Kolhapur",Rashtrasant Tukadoji Maharaj Nagpur University,Bhandara,3294,1465,1829,186,58,649,98,90,56,17,1354,A,2023
"Government College of Engineering, Kolhapur",Rashtrasant Tukadoji Maharaj Nagpur University,Bhandara,3317,1746,1571,171,62,587,100,91,53,21,1390,A,2024
"Government College of Engineering, Kolhapur",Rashtrasant Tukadoji Maharaj Nagpur University,Bhandara,3699,2310,1389,188,60,600,99,92,55,15,1500,A,2025
"Government College of Engineering, Nagpur 28",North Maharashtra University,Jalgaon,3842,2016,1826,221,72,430,77,68,52,18,395,B++,2022
"Government College of Engineering, Nagpur 28",North Maharashtra University,Jalgaon,4152,2103,2049,225,69,439,82,70,52,16,421,B++,2023
"Government College of Engineering, Nagpur 28",North Maharashtra University,Jalgaon,4388,2686,1702,223,69,435,82,71,53,17,457,B++,2024
"Government College of Engineering, Nagpur 28",North Maharashtra University,Jalgaon,4593,2113,2480,245,67,460,83,69,52,16,434,B++,2025
"K.K. Wagh Institute of Engineering Education, Mumbai",Shivaji University,Solapur,5497,2481,3016,294,82,682,74,80,100,65,294,B++,2022
"K.K. Wagh Institute of Engineering Education, Mumbai",Shivaji University,Solapur,5520,2899,2621,339,83,791,78,78,100,68,330,B++,2023
"K.K. Wagh Institute of Engineering Education, Mumbai",Shivaji University,Solapur,5772,2643,3129,290,83,788,80,77,98,66,355,B++,2024
"K.K. Wagh Institute of Engineering Education, Mumbai",Shivaji University,Solapur,6000,3262,2738,304,83,809,79,78,99,65,360,B++,2025
"Pillai College of Engineering, Satara",Rashtrasant Tukadoji Maharaj Nagpur University,Wardha,5057,2733,2324,283,85,496,74,88,90,4,105,B,2022
"Pillai College of Engineering, Satara",Rashtrasant Tukadoji Maharaj Nagpur University,Wardha,4947,2914,2033,276,91,497,73,89,90,9,111,B,2023
"Pillai College of Engineering, Satara",Rashtrasant Tukadoji Maharaj Nagpur University,Wardha,5149,2374,2775,270,93,516,77,92,90,8,113,B,2024
"Pillai College of Engineering, Satara",Rashtrasant Tukadoji Maharaj Nagpur University,Wardha,5850,2992,2858,279,91,543,79,89,89,10,130,B,2025
"Bharti Vidyapeeth College of Engineering, Latur 99",Savitribai Phule Pune University,Nashik,2596,1356,1240,177,48,376,87,78,58,49,1106,A,2022
"Bharti Vidyapeeth College of Engineering, Latur 99",Savitribai Phule Pune University,Nashik,2786,1647,1139,159,47,392,88,76,60,45,1111,A,2023
"Bharti Vidyapeeth College of Engineering, Latur 99",Savitribai Phule Pune University,Nashik,3049,1406,1643,155,45,385,90,77,59,51,1198,A,2024
"Bharti Vidyapeeth College of Engineering, Latur 99",Savitribai Phule Pune University,Nashik,3181,2094,1087,173,45,416,87,77,60,45,1236,A,2025
"Sandip Foundation College of Engineering, Chandrapur",North Maharashtra University,Jalgaon,761,327,434,45,77,183,81,90,86,50,1252,B,2022
"Sandip Foundation College of Engineering, Chandrapur",North Maharashtra University,Jalgaon,816,370,446,44,79,163,79,93,88,53,1349,B,2023
"Sandip Foundation College of Engineering, Chandrapur",North Maharashtra University,Jalgaon,832,384,448,46,75,159,78,90,86,48,1500,B,2024
"Sandip Foundation College of Engineering, Chandrapur",North Maharashtra University,Jalgaon,951,488,463,43,81,186,81,91,88,49,1500,B,2025
"Atharva College of Engineering, Latur",University of Mumbai,Mumbai,1765,958,807,74,88,261,86,68,79,13,552,A,2022
"Atharva College of Engineering, Latur",University of Mumbai,Mumbai,1921,1091,830,71,89,234,80,71,77,10,589,A,2023
"Atharva College of Engineering, Latur",University of Mumbai,Mumbai,1906,911,995,81,86,238,83,68,77,12,591,A,2024
"Atharva College of Engineering, Latur",University of Mumbai,Mumbai,2060,1322,738,81,91,234,86,68,76,14,655,A,2025
"Atharva College of Engineering, Baramati",Savitribai Phule Pune University,Pune,2899,1415,1484,117,60,318,68,69,81,79,297,B++,2022
"Atharva College of Engineering, Baramati",Savitribai Phule Pune University,Pune,3046,1540,1506,132,56,306,67,71,81,80,340,B++,2023
"Atharva College of Engineering, Baramati",Savitribai Phule Pune University,Pune,3266,1879,1387,129,58,349,71,68,83,83,327,B++,2024
"Atharva College of Engineering, Baramati",Savitribai Phule Pune University,Pune,3056,1686,1370,130,64,322,75,68,81,78,344,B++,2025
"Dwarkadas J. Sanghvi College of Engineering, Navi Mumbai",Rashtrasant Tukadoji Maharaj Nagpur University,Bhandara,3182,1498,1684,144,88,659,77,69,61,29,457,A,2022
"Dwarkadas J. Sanghvi College of Engineering, Navi Mumbai",Rashtrasant Tukadoji Maharaj Nagpur University,Bhandara,3233,1463,1770,146,91,589,75,69,60,31,477,A,2023
"Dwarkadas J. Sanghvi College of Engineering, Navi Mumbai",Rashtrasant Tukadoji Maharaj Nagpur University,Bhandara,3417,1486,1931,135,84,601,78,73,58,35,494,A,2024
"Dwarkadas J. Sanghvi College of Engineering, Navi Mumbai",Rashtrasant Tukadoji Maharaj Nagpur University,Bhandara,3716,2345,1371,132,87,628,76,69,60,31,561,A,2025
"Sinhgad Institute of Technology, Shirur",Rashtrasant Tukadoji Maharaj Nagpur University,Bhandara,1062,721,341,70,96,174,86,91,92,71,1339,B,2022
"Sinhgad Institute of Technology, Shirur",Rashtrasant Tukadoji Maharaj Nagpur University,Bhandara,1050,633,417,78,94,173,88,93,94,75,1403,B,2023
"Sinhgad Institute of Technology, Shirur",Rashtrasant Tukadoji Maharaj Nagpur University,Bhandara,1142,559,583,77,100,161,89,94,95,71,1400,B,2024
"Sinhgad Institute of Technology, Shirur",Rashtrasant Tukadoji Maharaj Nagpur University,Bhandara,1259,804,455,75,97,183,89,91,94,74,1500,B,2025
"Smt. Kashibai Navale College of Engineering, Shirur",University of Mumbai,Raigad,1547,1043,504,93,78,236,76,83,86,6,737,A,2022
"Smt. Kashibai Navale College of Engineering, Shirur",University of Mumbai,Raigad,1663,1056,607,84,76,232,79,83,86,10,791,A,2023
"Smt. Kashibai Navale College of Engineering, Shirur",University of Mumbai,Raigad,1759,841,918,89,79,218,82,82,86,8,876,A,2024
"Smt. Kashibai Navale College of Engineering, Shirur",University of Mumbai,Raigad,1963,1288,675,94,79,235,80,84,87,10,847,A,2025
"Dwarkadas J. Sanghvi College of Engineering, Nagpur",Dr. Babasaheb Ambedkar Technological University,Akola,3301,1919,1382,147,45,595,66,98,75,62,1222,A++,2022
"Dwarkadas J. Sanghvi College of Engineering, Nagpur",Dr. Babasaheb Ambedkar Technological University,Akola,3426,1816,1610,143,54,534,65,98,74,57,1306,A++,2023
"Dwarkadas J. Sanghvi College of Engineering, Nagpur",Dr. Babasaheb Ambedkar Technological University,Akola,3497,2089,1408,133,50,591,65,97,76,56,1354,A++,2024
"Dwarkadas J. Sanghvi College of Engineering, Nagpur",Dr. Babasaheb Ambedkar Technological University,Akola,3698,2186,1512,145,48,518,68,97,75,62,1358,A++,2025
"Vivekanand Education Society's Institute of Technology, Chandrapur 6",Dr. Babasaheb Ambedkar Technological University,Akola,5003,2673,2330,276,55,1156,91,73,71,91,240,A,2022
"Vivekanand Education Society's Institute of Technology, Chandrapur 6",Dr. Babasaheb Ambedkar Technological University,Akola,5531,2720,2811,282,56,1200,88,70,72,94,272,A,2023
"Vivekanand Education Society's Institute of Technology, Chandrapur 6",Dr. Babasaheb Ambedkar Technological University,Akola,5407,2966,2441,265,54,1079,90,69,71,88,287,A,2024
"Vivekanand Education Society's Institute of Technology, Chandrapur 6",Dr. Babasaheb Ambedkar Technological University,Akola,5596,3087,2509,275,58,1054,92,70,70,93,317,A,2025
"Dwarkadas J. Sanghvi College of Engineering, Lonavala",Shivaji University,Kolhapur,3914,1660,2254,154,79,571,67,90,73,35,792,B,2022
"Dwarkadas J. Sanghvi College of Engineering, Lonavala",Shivaji University,Kolhapur,3966,1782,2184,136,78,547,69,89,72,38,866,B,2023
"Dwarkadas J. Sanghvi College of Engineering, Lonavala",Shivaji University,Kolhapur,4061,1731,2330,148,81,548,71,88,75,35,939,B,2024
"Dwarkadas J. Sanghvi College of Engineering, Lonavala",Shivaji University,Kolhapur,4177,1802,2375,156,77,522,70,88,74,34,967,B,2025
"Atharva College of Engineering, Dhule",University of Mumbai,Palghar,5252,3103,2149,238,46,655,93,91,70,33,1344,A++,2022
"Atharva College of Engineering, Dhule",University of Mumbai,Palghar,5694,3172,2522,234,53,620,96,90,69,31,1369,A++,2023
"Atharva College of Engineering, Dhule",University of Mumbai,Palghar,5832,3830,2002,246,52,568,95,87,68,32,1500,A++,2024
"Atharva College of Engineering, Dhule",University of Mumbai,Palghar,6000,3084,2916,247,56,550,96,90,68,32,1500,A++,2025
"K.K. Wagh Institute of Engineering Education, Aurangabad",Shivaji University,Sindhudurg,1489,945,544,66,68,336,85,75,88,91,245,B,2022
"K.K. Wagh Institute of Engineering Education, Aurangabad",Shivaji University,Sindhudurg,1572,788,784,57,67,355,83,75,90,92,276,B,2023
"K.K. Wagh Institute of Engineering Education, Aurangabad",Shivaji University,Sindhudurg,1631,761,870,61,64,328,85,75,90,92,270,B,2024
"K.K. Wagh Institute of Engineering Education, Aurangabad",Shivaji University,Sindhudurg,1859,1183,676,57,65,389,85,75,90,90,294,B,2025
"Shri Guru Gobind Singhji Institute of Engineering, Karad",Rashtrasant Tukadoji Maharaj Nagpur University,Gondia,1410,796,614,70,89,327,96,70,90,87,854,A,2022
"Shri Guru Gobind Singhji Institute of Engineering, Karad",Rashtrasant Tukadoji Maharaj Nagpur University,Gondia,1536,786,750,67,95,347,95,71,92,88,942,A,2023
"Shri Guru Gobind Singhji Institute of Engineering, Karad",Rashtrasant Tukadoji Maharaj Nagpur University,Gondia,1509,705,804,70,98,310,91,72,92,87,1020,A,2024
"Shri Guru Gobind Singhji Institute of Engineering, Karad",Rashtrasant Tukadoji Maharaj Nagpur University,Gondia,1628,869,759,68,95,369,92,69,92,85,1042,A,2025
"Shri Guru Gobind Singhji Institute of Engineering, Kolhapur 44",North Maharashtra University,Nandurbar,1916,1251,665,133,55,151,78,71,82,96,1063,B++,2022
"Shri Guru Gobind Singhji Institute of Engineering, Kolhapur 44",North Maharashtra University,Nandurbar,2102,1365,737,136,56,158,79,73,83,95,1159,B++,2023
"Shri Guru Gobind Singhji Institute of Engineering, Kolhapur 44",North Maharashtra University,Nandurbar,2030,1004,1026,131,54,170,78,71,81,96,1274,B++,2024
"Shri Guru Gobind Singhji Institute of Engineering, Kolhapur 44",North Maharashtra University,Nandurbar,2112,1000,1112,139,54,143,77,73,82,95,1323,B++,2025
"Vishwakarma Institute of Technology, Dhule",University of Mumbai,Palghar,1667,860,807,115,91,333,71,92,54,51,798,B++,2022
"Vishwakarma Institute of Technology, Dhule",University of Mumbai,Palghar,1748,1151,597,112,92,318,67,92,53,54,839,B++,2023
"Vishwakarma Institute of Technology, Dhule",University of Mumbai,Palghar,1897,1193,704,124,90,333,70,92,53,51,873,B++,2024
"Vishwakarma Institute of Technology, Dhule",University of Mumbai,Palghar,1944,1156,788,111,93,344,69,94,51,54,965,B++,2025
"Sandip Foundation College of Engineering, Akola",SNDT Women's University,Akola,3781,2415,1366,271,56,466,92,75,73,84,1167,B,2022
"Sandip Foundation College of Engineering, Akola",SNDT Women's University,Akola,4207,2007,2200,252,64,398,93,76,75,85,1194,B,2023
"Sandip Foundation College of Engineering, Akola",SNDT Women's University,Akola,4328,1917,2411,265,61,385,88,78,73,88,1268,B,2024
"Sandip Foundation College of Engineering, Akola",SNDT Women's University,Akola,4421,2159,2262,259,62,439,92,79,73,85,1455,B,2025
"Fr. Conceicao Rodrigues College of Engineering, Thane 49",SNDT Women's University,Nanded,2028,1203,825,85,55,431,64,96,74,67,277,A+,2022
"Fr. Conceicao Rodrigues College of Engineering, Thane 49",SNDT Women's University,Nanded,2169,1416,753,89,56,462,62,94,75,67,293,A+,2023
"Fr. Conceicao Rodrigues College of Engineering, Thane 49",SNDT Women's University,Nanded,2294,1357,937,83,57,440,67,96,75,71,318,A+,2024
"Fr. Conceicao Rodrigues College of Engineering, Thane 49",SNDT Women's University,Nanded,2205,1092,1113,86,58,385,68,95,74,72,333,A+,2025
"Terna Engineering College, Navi Mumbai 37",Savitribai Phule Pune University,Pune,2491,1332,1159,139,73,195,89,69,65,59,763,A+,2022
"Terna Engineering College, Navi Mumbai 37",Savitribai Phule Pune University,Pune,2599,1368,1231,143,76,206,90,68,65,55,803,A+,2023
"Terna Engineering College, Navi Mumbai 37",Savitribai Phule Pune University,Pune,2631,1599,1032,148,76,216,87,70,63,59,803,A+,2024
"Terna Engineering College, Navi Mumbai 37",Savitribai Phule Pune University,Pune,2814,1573,1241,153,84,200,91,69,65,60,857,A+,2025
"Government College of Engineering, Satara",SNDT Women's University,Nanded,3333,1758,1575,132,67,350,77,69,94,84,713,A+,2022
"Government College of Engineering, Satara",SNDT Women's University,Nanded,3547,1634,1913,126,68,330,82,70,94,82,785,A+,2023
"Government College of Engineering, Satara",SNDT Women's University,Nanded,3873,2007,1866,128,70,345,78,69,97,80,771,A+,2024
"Government College of Engineering, Satara",SNDT Women's University,Nanded,4088,2359,1729,123,73,302,83,71,96,83,865,A+,2025
"Thadomal Shahani Engineering College, Bandra 98",SNDT Women's University,Yavatmal,4885,2399,2486,333,50,321,74,75,87,92,1224,B++,2022
"Thadomal Shahani Engineering College, Bandra 98",SNDT Women's University,Yavatmal,5219,2743,2476,337,51,317,74,76,85,93,1253,B++,2023
"Thadomal Shahani Engineering College, Bandra 98",SNDT Women's University,Yavatmal,5648,2950,2698,342,56,306,74,73,84,93,1440,B++,2024
"Thadomal Shahani Engineering College, Bandra 98",SNDT Women's University,Yavatmal,5886,3201,2685,328,53,284,78,72,84,94,1418,B++,2025
"Dwarkadas J. Sanghvi College of Engineering, Satara",Shivaji University,Satara,2816,1541,1275,203,58,353,100,95,54,11,1048,A+,2022
"Dwarkadas J. Sanghvi College of Engineering, Satara",Shivaji University,Satara,2804,1404,1400,206,59,326,100,96,56,17,1044,A+,2023
"Dwarkadas J. Sanghvi College of Engineering, Satara",Shivaji University,Satara,3094,1906,1188,221,66,359,100,93,55,14,1193,A+,2024
"Dwarkadas J. Sanghvi College of Engineering, Satara",Shivaji University,Satara,3180,2045,1135,228,60,390,100,92,56,12,1275,A+,2025
"K.K. Wagh Institute of Engineering Education, Karad",Dr. Babasaheb Ambedkar Technological University,Nanded,1496,919,577,94,48,277,72,89,63,85,1309,B,2022
"K.K. Wagh Institute of Engineering Education, Karad",Dr. Babasaheb Ambedkar Technological University,Nanded,1676,916,760,103,50,253,72,91,60,85,1500,B,2023
"K.K. Wagh Institute of Engineering Education, Karad",Dr. Babasaheb Ambedkar Technological University,Nanded,1753,1137,616,96,48,263,75,93,61,83,1488,B,2024
"K.K. Wagh Institute of Engineering Education, Karad",Dr. Babasaheb Ambedkar Technological University,Nanded,1836,1154,682,107,49,258,76,92,63,83,1500,B,2025
"Rajarambapu Institute of Technology, Navi Mumbai 9",North Maharashtra University,Nandurbar,4729,2871,1858,259,75,666,86,96,51,80,810,B+,2022
"Rajarambapu Institute of Technology, Navi Mumbai 9",North Maharashtra University,Nandurbar,4634,2027,2607,264,78,742,82,93,54,80,837,B+,2023
"Rajarambapu Institute of Technology, Navi Mumbai 9",North Maharashtra University,Nandurbar,5130,2947,2183,228,83,768,84,93,52,80,903,B+,2024
"Rajarambapu Institute of Technology, Navi Mumbai 9",North Maharashtra University,Nandurbar,5589,2966,2623,255,81,731,86,95,52,78,992,B+,2025
"Pillai College of Engineering, Amravati 46",Rashtrasant Tukadoji Maharaj Nagpur University,Gondia,2952,1405,1547,198,84,482,98,88,60,4,755,A++,2022
"Pillai College of Engineering, Amravati 46",Rashtrasant Tukadoji Maharaj Nagpur University,Gondia,3341,1928,1413,224,91,490,94,85,58,2,834,A++,2023
"Pillai College of Engineering, Amravati 46",Rashtrasant Tukadoji Maharaj Nagpur University,Gondia,3436,1571,1865,208,85,502,95,85,60,5,868,A++,2024
"Pillai College of Engineering, Amravati 46",Rashtrasant Tukadoji Maharaj Nagpur University,Gondia,3476,1912,1564,196,94,509,100,87,60,4,881,A++,2025
"Vivekanand Education Society's Institute of Technology, Nanded 23",SNDT Women's University,Osmanabad,4074,2273,1801,211,52,292,91,67,68,28,172,B,2022
"Vivekanand Education Society's Institute of Technology, Nanded 23",SNDT Women's University,Osmanabad,4261,2559,1702,191,51,271,89,67,68,22,191,B,2023
"Vivekanand Education Society's Institute of Technology, Nanded 23",SNDT Women's University,Osmanabad,4696,2913,1783,194,57,252,91,66,70,24,189,B,2024
"Vivekanand Education Society's Institute of Technology, Nanded 23",SNDT Women's University,Osmanabad,4882,2063,2819,197,60,251,92,67,69,22,218,B,2025
"Bharti Vidyapeeth College of Engineering, Mumbai",Shivaji University,Satara,3586,1974,1612,124,79,444,61,78,70,42,187,B+,2022
"Bharti Vidyapeeth College of Engineering, Mumbai",Shivaji University,Satara,3725,1830,1895,125,76,525,62,79,70,45,186,B+,2023
"Bharti Vidyapeeth College of Engineering, Mumbai",Shivaji University,Satara,3950,2324,1626,135,78,444,60,79,68,47,209,B+,2024
"Bharti Vidyapeeth College of Engineering, Mumbai",Shivaji University,Satara,4220,1916,2304,133,79,446,66,75,69,42,226,B+,2025
"Smt. Kashibai Navale College of Engineering, Nanded",Rashtrasant Tukadoji Maharaj Nagpur University,Gondia,3680,2361,1319,158,88,490,86,86,61,64,1040,A,2022
"Smt. Kashibai Navale College of Engineering, Nanded",Rashtrasant Tukadoji Maharaj Nagpur University,Gondia,3902,1653,2249,159,95,542,86,84,60,61,1125,A,2023
"Smt. Kashibai Navale College of Engineering, Nanded",Rashtrasant Tukadoji Maharaj Nagpur University,Gondia,4161,2536,1625,144,97,461,86,85,63,61,1178,A,2024
"Smt. Kashibai Navale College of Engineering, Nanded",Rashtrasant Tukadoji Maharaj Nagpur University,Gondia,4559,3030,1529,150,99,492,85,87,60,64,1297,A,2025
"Pillai College of Engineering, Chandrapur",Rashtrasant Tukadoji Maharaj Nagpur University,Gondia,3527,2323,1204,283,80,816,72,81,70,16,231,A++,2022
"Pillai College of Engineering, Chandrapur",Rashtrasant Tukadoji Maharaj Nagpur University,Gondia,3912,2111,1801,317,83,837,73,82,70,12,245,A++,2023
"Pillai College of Engineering, Chandrapur",Rashtrasant Tukadoji Maharaj Nagpur University,Gondia,4154,1936,2218,281,86,856,75,82,71,11,263,A++,2024
"Pillai College of Engineering, Chandrapur",Rashtrasant Tukadoji Maharaj Nagpur University,Gondia,4141,2490,1651,287,89,845,72,83,72,16,294,A++,2025
"Vishwakarma Institute of Technology, Wadala",SNDT Women's University,Akola,3914,1681,2233,246,49,667,83,91,69,80,200,A+,2022
"Vishwakarma Institute of Technology, Wadala",SNDT Women's University,Akola,4087,2023,2064,228,52,724,84,92,66,82,217,A+,2023
"Vishwakarma Institute of Technology, Wadala",SNDT Women's University,Akola,4098,2219,1879,216,46,719,85,91,69,79,224,A+,2024
"Vishwakarma Institute of Technology, Wadala",SNDT Women's University,Akola,4323,2449,1874,239,46,691,81,92,66,79,236,A+,2025
"Rajarambapu Institute of Technology, Wadala",Savitribai Phule Pune University,Ahmednagar,1641,965,676,61,55,337,88,69,58,11,513,B+,2022
"Rajarambapu Institute of Technology, Wadala",Savitribai Phule Pune University,Ahmednagar,1811,975,836,66,57,367,88,66,59,10,562,B+,2023
"Rajarambapu Institute of Technology, Wadala",Savitribai Phule Pune University,Ahmednagar,1810,1079,731,63,55,369,90,65,60,8,623,B+,2024
"Rajarambapu Institute of Technology, Wadala",Savitribai Phule Pune University,Ahmednagar,2051,1075,976,61,61,327,89,69,58,9,661,B+,2025
"Smt. Kashibai Navale College of Engineering, Ratnagiri",North Maharashtra University,Nandurbar,681,345,336,37,85,92,86,87,79,97,233,B+,2022
"Smt. Kashibai Navale College of Engineering, Ratnagiri",North Maharashtra University,Nandurbar,739,436,303,33,87,92,80,87,78,100,243,B+,2023
"Smt. Kashibai Navale College of Engineering, Ratnagiri",North Maharashtra University,Nandurbar,742,358,384,36,91,86,82,88,77,97,268,B+,2024
"Smt. Kashibai Navale College of Engineering, Ratnagiri",North Maharashtra University,Nandurbar,807,383,424,34,93,102,87,87,77,97,269,B+,2025
"Sanjay Ghodawat Institute, Aurangabad",North Maharashtra University,Jalgaon,5477,2490,2987,350,52,336,73,97,85,50,1106,A,2022
"Sanjay Ghodawat Institute, Aurangabad",North Maharashtra University,Jalgaon,5639,3453,2186,350,52,340,69,95,84,48,1202,A,2023
"Sanjay Ghodawat Institute, Aurangabad",North Maharashtra University,Jalgaon,6000,3472,2528,350,51,325,70,97,83,46,1255,A,2024
"Sanjay Ghodawat Institute, Aurangabad",North Maharashtra University,Jalgaon,6000,3049,2951,350,57,293,72,97,85,46,1333,A,2025
"D.Y. Patil Institute of Engineering, Amravati 91",Dr. Babasaheb Ambedkar Technological University,Akola,2715,1267,1448,120,80,253,68,67,79,24,941,B+,2022
"D.Y. Patil Institute of Engineering, Amravati 91",Dr. Babasaheb Ambedkar Technological University,Akola,2798,1469,1329,127,75,229,69,71,80,24,983,B+,2023
"D.Y. Patil Institute of Engineering, Amravati 91",Dr. Babasaheb Ambedkar Technological University,Akola,2891,1935,956,120,74,228,68,67,80,23,1034,B+,2024
"D.Y. Patil Institute of Engineering, Amravati 91",Dr. Babasaheb Ambedkar Technological University,Akola,3027,1535,1492,122,80,219,68,70,80,25,1136,B+,2025
"Rajarambapu Institute of Technology, Chandrapur",SNDT Women's University,Beed,2984,1514,1470,152,80,446,82,77,97,90,1242,B,2022
"Rajarambapu Institute of Technology, Chandrapur",SNDT Women's University,Beed,3172,1432,1740,142,82,432,80,75,96,90,1351,B,2023
"Rajarambapu Institute of Technology, Chandrapur",SNDT Women's University,Beed,3331,2108,1223,143,80,455,80,73,97,89,1426,B,2024
"Rajarambapu Institute of Technology, Chandrapur",SNDT Women's University,Beed,3362,1509,1853,148,87,497,79,74,94,91,1466,B,2025
"Sinhgad Institute of Technology, Chandrapur",Shivaji University,Kolhapur,2013,1176,837,85,60,382,61,90,85,76,806,A++,2022
"Sinhgad Institute of Technology, Chandrapur",Shivaji University,Kolhapur,2174,1376,798,86,57,361,60,86,85,74,873,A++,2023
"Sinhgad Institute of Technology, Chandrapur",Shivaji University,Kolhapur,2224,1444,780,84,59,382,64,88,87,73,840,A++,2024
"Sinhgad Institute of Technology, Chandrapur",Shivaji University,Kolhapur,2431,1183,1248,88,60,421,63,86,85,74,911,A++,2025
"Fr. Conceicao Rodrigues College of Engineering, Chandrapur 17",University of Mumbai,Palghar,938,519,419,64,89,184,90,91,100,50,1191,A++,2022
"Fr. Conceicao Rodrigues College of Engineering, Chandrapur 17",University of Mumbai,Palghar,1000,614,386,63,91,178,90,93,100,50,1268,A++,2023
"Fr. Conceicao Rodrigues College of Engineering, Chandrapur 17",University of Mumbai,Palghar,1030,541,489,56,94,183,93,91,100,53,1369,A++,2024
"Fr. Conceicao Rodrigues College of Engineering, Chandrapur 17",University of Mumbai,Palghar,1130,503,627,58,94,168,96,91,100,53,1390,A++,2025
"Rajarambapu Institute of Technology, Aurangabad 83",Savitribai Phule Pune University,Pune,4003,2244,1759,187,71,278,94,76,100,19,898,B++,2022
"Rajarambapu Institute of Technology, Aurangabad 83",Savitribai Phule Pune University,Pune,4170,2556,1614,179,66,319,94,77,98,18,995,B++,2023
"Rajarambapu Institute of Technology, Aurangabad 83",Savitribai Phule Pune University,Pune,4644,2712,1932,189,70,283,98,78,100,15,999,B++,2024
"Rajarambapu Institute of Technology, Aurangabad 83",Savitribai Phule Pune University,Pune,4506,2682,1824,173,68,316,98,77,100,19,1018,B++,2025
"Dwarkadas J. Sanghvi College of Engineering, Mumbai 67",Savitribai Phule Pune University,Nashik,1770,999,771,125,89,158,94,82,57,33,475,A,2022
"Dwarkadas J. Sanghvi College of Engineering, Mumbai 67",Savitribai Phule Pune University,Nashik,1722,900,822,120,88,165,91,82,57,33,486,A,2023
"Dwarkadas J. Sanghvi College of Engineering, Mumbai 67",Savitribai Phule Pune University,Nashik,1940,1025,915,128,93,171,96,81,56,33,523,A,2024
"Dwarkadas J. Sanghvi College of Engineering, Mumbai 67",Savitribai Phule Pune University,Nashik,1949,1253,696,125,96,156,95,82,55,32,537,A,2025
"Smt. Kashibai Navale College of Engineering, Karad",University of Mumbai,Raigad,5104,2586,2518,267,75,911,94,75,62,84,1252,A,2022
"Smt. Kashibai Navale College of Engineering, Karad",University of Mumbai,Raigad,5442,3161,2281,253,82,966,98,76,62,81,1323,A,2023
"Smt. Kashibai Navale College of Engineering, Karad",University of Mumbai,Raigad,5477,3111,2366,267,76,958,95,76,62,85,1432,A,2024
"Smt. Kashibai Navale College of Engineering, Karad",University of Mumbai,Raigad,5682,3735,1947,267,79,821,100,73,61,82,1475,A,2025
"Ramrao Adik Institute of Technology, Shirur",North Maharashtra University,Dhule,796,377,419,32,45,54,96,80,91,26,1162,B+,2022
"Ramrao Adik Institute of Technology, Shirur",North Maharashtra University,Dhule,779,449,330,32,45,50,98,79,90,28,1185,B+,2023
"Ramrao Adik Institute of Technology, Shirur",North Maharashtra University,Dhule,871,562,309,35,50,50,97,81,90,28,1360,B+,2024
"Ramrao Adik Institute of Technology, Shirur",North Maharashtra University,Dhule,912,509,403,30,52,56,95,81,93,29,1455,B+,2025
"Atharva College of Engineering, Shirur",SNDT Women's University,Latur,2800,1440,1360,155,92,363,89,70,93,4,376,B,2022
"Atharva College of Engineering, Shirur",SNDT Women's University,Latur,2814,1785,1029,156,86,369,88,70,95,5,429,B,2023
"Atharva College of Engineering, Shirur",SNDT Women's University,Latur,3138,1489,1649,140,87,351,92,70,94,10,427,B,2024
"Atharva College of Engineering, Shirur",SNDT Women's University,Latur,3096,1658,1438,156,91,358,92,67,94,5,466,B,2025
"Fr. Conceicao Rodrigues College of Engineering, Satara",SNDT Women's University,Aurangabad,1478,958,520,98,90,167,84,89,59,97,797,B+,2022
"Fr. Conceicao Rodrigues College of Engineering, Satara",SNDT Women's University,Aurangabad,1654,761,893,102,89,161,81,91,59,99,816,B+,2023
"Fr. Conceicao Rodrigues College of Engineering, Satara",SNDT Women's University,Aurangabad,1780,1017,763,92,88,165,85,92,60,97,902,B+,2024
"Fr. Conceicao Rodrigues College of Engineering, Satara",SNDT Women's University,Aurangabad,1715,873,842,92,97,167,83,91,60,99,904,B+,2025
"Dwarkadas J. Sanghvi College of Engineering, Karad",Shivaji University,Kolhapur,1385,644,741,97,56,114,60,83,74,77,855,B++,2022
"Dwarkadas J. Sanghvi College of Engineering, Karad",Shivaji University,Kolhapur,1405,812,593,95,58,114,62,84,76,79,970,B++,2023
"Dwarkadas J. Sanghvi College of Engineering, Karad",Shivaji University,Kolhapur,1606,1025,581,97,66,119,66,82,75,80,940,B++,2024
"Dwarkadas J. Sanghvi College of Engineering, Karad",Shivaji University,Kolhapur,1634,1090,544,92,63,112,66,85,73,81,992,B++,2025
"Walchand College of Engineering, Kolhapur 74",SNDT Women's University,Chandrapur,1670,809,861,86,75,241,81,95,51,13,841,A+,2022
"Walchand College of Engineering, Kolhapur 74",SNDT Women's University,Chandrapur,1692,1141,551,86,78,213,77,94,51,12,867,A+,2023
"Walchand College of Engineering, Kolhapur 74",SNDT Women's University,Chandrapur,1777,859,918,93,82,231,81,94,52,14,953,A+,2024
"Walchand College of Engineering, Kolhapur 74",SNDT Women's University,Chandrapur,1854,834,1020,84,79,214,82,95,53,10,1004,A+,2025
"Dwarkadas J. Sanghvi College of Engineering, Thane 28",Shivaji University,Sindhudurg,832,535,297,65,79,143,88,85,86,0,287,A,2022
"Dwarkadas J. Sanghvi College of Engineering, Thane 28",Shivaji University,Sindhudurg,862,422,440,71,78,136,91,83,85,0,323,A,2023
"Dwarkadas J. Sanghvi College of Engineering, Thane 28",Shivaji University,Sindhudurg,888,436,452,70,78,139,88,82,86,0,325,A,2024
"Dwarkadas J. Sanghvi College of Engineering, Thane 28",Shivaji University,Sindhudurg,1020,553,467,66,76,143,94,83,83,4,349,A,2025
"Atharva College of Engineering, Aurangabad 94",Savitribai Phule Pune University,Ahmednagar,3255,1822,1433,260,45,539,70,88,86,35,233,B++,2022
"Atharva College of Engineering, Aurangabad 94",Savitribai Phule Pune University,Ahmednagar,3382,2022,1360,292,48,520,70,88,85,34,250,B++,2023
"Atharva College of Engineering, Aurangabad 94",Savitribai Phule Pune University,Ahmednagar,3686,2364,1322,278,48,495,74,89,87,39,266,B++,2024
"Atharva College of Engineering, Aurangabad 94",Savitribai Phule Pune University,Ahmednagar,3608,1761,1847,293,51,499,73,88,86,39,283,B++,2025
"St. John College of Engineering, Navi Mumbai",Shivaji University,Ratnagiri,5134,2723,2411,239,54,362,66,88,75,42,1149,A,2022
"St. John College of Engineering, Navi Mumbai",Shivaji University,Ratnagiri,5235,2820,2415,235,52,378,68,90,74,46,1198,A,2023
"St. John College of Engineering, Navi Mumbai",Shivaji University,Ratnagiri,5597,3501,2096,237,58,421,70,89,75,46,1256,A,2024
"St. John College of Engineering, Navi Mumbai",Shivaji University,Ratnagiri,5663,2614,3049,252,58,438,65,91,75,41,1327,A,2025
"K.K. Wagh Institute of Engineering Education, Navi Mumbai",University of Mumbai,Mumbai Suburban,759,392,367,53,67,145,92,95,60,74,1054,A++,2022
"K.K. Wagh Institute of Engineering Education, Navi Mumbai",University of Mumbai,Mumbai Suburban,824,361,463,61,69,161,96,93,60,78,1095,A++,2023
"K.K. Wagh Institute of Engineering Education, Navi Mumbai",University of Mumbai,Mumbai Suburban,793,383,410,57,68,153,97,94,58,75,1235,A++,2024
"K.K. Wagh Institute of Engineering Education, Navi Mumbai",University of Mumbai,Mumbai Suburban,825,515,310,58,70,165,94,95,59,75,1241,A++,2025
"K.J. Somaiya College of Engineering, Nanded 41",University of Mumbai,Thane,4985,2563,2422,220,64,796,94,95,84,59,1158,B++,2022
"K.J. Somaiya College of Engineering, Nanded 41",University of Mumbai,Thane,5343,3363,1980,243,69,763,93,97,83,63,1215,B++,2023
"K.J. Somaiya College of Engineering, Nanded 41",University of Mumbai,Thane,5349,2947,2402,243,70,835,94,97,83,64,1237,B++,2024
"K.J. Somaiya College of Engineering, Nanded 41",University of Mumbai,Thane,5621,3176,2445,217,65,886,97,95,86,63,1403,B++,2025
"Shri Guru Gobind Singhji Institute of Engineering, Kalyan 48",Shivaji University,Sangli,1250,548,702,51,82,141,63,94,67,80,1146,B,2022
"Shri Guru Gobind Singhji Institute of Engineering, Kalyan 48",Shivaji University,Sangli,1365,734,631,52,85,153,61,97,67,80,1268,B,2023
"Shri Guru Gobind Singhji Institute of Engineering, Kalyan 48",Shivaji University,Sangli,1406,593,813,48,82,135,60,97,67,84,1326,B,2024
"Shri Guru Gobind Singhji Institute of Engineering, Kalyan 48",Shivaji University,Sangli,1527,947,580,50,86,153,65,97,66,81,1461,B,2025
"Sanjay Ghodawat Institute, Jalgaon 75",Dr. Babasaheb Ambedkar Technological University,Latur,5066,2366,2700,221,90,1150,70,80,51,72,305,B+,2022
"Sanjay Ghodawat Institute, Jalgaon 75",Dr. Babasaheb Ambedkar Technological University,Latur,5724,3383,2341,228,93,1073,68,79,52,76,313,B+,2023
"Sanjay Ghodawat Institute, Jalgaon 75",Dr. Babasaheb Ambedkar Technological University,Latur,5519,3607,1912,237,98,986,73,79,54,70,335,B+,2024
"Sanjay Ghodawat Institute, Jalgaon 75",Dr. Babasaheb Ambedkar Technological University,Latur,5967,2825,3142,235,94,1001,69,82,51,71,369,B+,2025
"Bharti Vidyapeeth College of Engineering, Pune",Dr. Babasaheb Ambedkar Technological University,Amravati,1930,1056,874,117,95,328,88,66,96,17,1043,B++,2022
"Bharti Vidyapeeth College of Engineering, Pune",Dr. Babasaheb Ambedkar Technological University,Amravati,2020,1088,932,106,97,327,93,66,96,16,1183,B++,2023
"Bharti Vidyapeeth College of Engineering, Pune",Dr. Babasaheb Ambedkar Technological University,Amravati,2301,1226,1075,122,96,315,93,66,97,17,1140,B++,2024
"Bharti Vidyapeeth College of Engineering, Pune",Dr. Babasaheb Ambedkar Technological University,Amravati,2462,1501,961,123,93,310,90,67,94,15,1281,B++,2025
"Bharti Vidyapeeth College of Engineering, Karad",Rashtrasant Tukadoji Maharaj Nagpur University,Wardha,4281,2320,1961,246,55,660,96,86,85,46,1349,B++,2022
"Bharti Vidyapeeth College of Engineering, Karad",Rashtrasant Tukadoji Maharaj Nagpur University,Wardha,4495,2089,2406,284,55,644,97,85,85,42,1489,B++,2023
"Bharti Vidyapeeth College of Engineering, Karad",Rashtrasant Tukadoji Maharaj Nagpur University,Wardha,4629,2189,2440,261,59,665,94,88,85,42,1500,B++,2024
"Bharti Vidyapeeth College of Engineering, Karad",Rashtrasant Tukadoji Maharaj Nagpur University,Wardha,5027,3273,1754,246,57,665,93,88,86,48,1500,B++,2025
"Ramrao Adik Institute of Technology, Wadala",SNDT Women's University,Yavatmal,4117,1898,2219,273,59,399,76,77,71,98,655,B+,2022
"Ramrao Adik Institute of Technology, Wadala",SNDT Women's University,Yavatmal,4491,2512,1979,278,57,418,79,79,69,97,684,B+,2023
"Ramrao Adik Institute of Technology, Wadala",SNDT Women's University,Yavatmal,4483,2598,1885,306,65,434,83,81,69,96,694,B+,2024
"Ramrao Adik Institute of Technology, Wadala",SNDT Women's University,Yavatmal,4547,3023,1524,283,60,456,83,80,70,99,721,B+,2025
"Terna Engineering College, Solapur",SNDT Women's University,Latur,3014,1410,1604,164,96,603,78,74,87,89,1142,B++,2022
"Terna Engineering College, Solapur",SNDT Women's University,Latur,3198,1654,1544,150,92,607,81,73,85,89,1149,B++,2023
"Terna Engineering College, Solapur",SNDT Women's University,Latur,3296,1506,1790,148,96,539,78,70,88,86,1309,B++,2024
"Terna Engineering College, Solapur",SNDT Women's University,Latur,3445,2225,1220,172,100,573,78,73,87,87,1322,B++,2025
"St. John College of Engineering, Sangli 99",Rashtrasant Tukadoji Maharaj Nagpur University,Gondia,2705,1597,1108,227,91,176,86,81,98,64,506,A+,2022
"St. John College of Engineering, Sangli 99",Rashtrasant Tukadoji Maharaj Nagpur University,Gondia,2870,1545,1325,212,92,191,87,79,98,61,532,A+,2023
"St. John College of Engineering, Sangli 99",Rashtrasant Tukadoji Maharaj Nagpur University,Gondia,3097,1402,1695,217,95,194,86,83,98,59,582,A+,2024
"St. John College of Engineering, Sangli 99",Rashtrasant Tukadoji Maharaj Nagpur University,Gondia,3002,1601,1401,244,90,198,91,80,99,64,625,A+,2025
"Bharti Vidyapeeth College of Engineering, Wardha",North Maharashtra University,Dhule,2615,1230,1385,201,83,505,73,80,53,86,1116,B+,2022
"Bharti Vidyapeeth College of Engineering, Wardha",North Maharashtra University,Dhule,2650,1664,986,186,84,497,76,79,54,83,1115,B+,2023
"Bharti Vidyapeeth College of Engineering, Wardha",North Maharashtra University,Dhule,2670,1561,1109,194,84,482,77,81,53,84,1170,B+,2024
"Bharti Vidyapeeth College of Engineering, Wardha",North Maharashtra University,Dhule,3094,1621,1473,187,91,524,77,81,54,83,1342,B+,2025
"D.Y. Patil Institute of Engineering, Satara",Dr. Babasaheb Ambedkar Technological University,Latur,1469,645,824,138,80,330,72,93,90,57,1004,B,2022
"D.Y. Patil Institute of Engineering, Satara",Dr. Babasaheb Ambedkar Technological University,Latur,1518,827,691,126,80,343,68,92,93,61,1021,B,2023
"D.Y. Patil Institute of Engineering, Satara",Dr. Babasaheb Ambedkar Technological University,Latur,1723,755,968,143,82,325,71,89,91,58,1111,B,2024
"D.Y. Patil Institute of Engineering, Satara",Dr. Babasaheb Ambedkar Technological University,Latur,1779,1098,681,123,80,352,73,89,93,58,1208,B,2025
"Smt. Kashibai Navale College of Engineering, Solapur 37",Shivaji University,Sangli,5234,2368,2866,350,97,350,99,79,85,91,159,A,2022
"Smt. Kashibai Navale College of Engineering, Solapur 37",Shivaji University,Sangli,5843,2625,3218,348,93,405,98,80,85,92,172,A,2023
"Smt. Kashibai Navale College of Engineering, Solapur 37",Shivaji University,Sangli,5620,3429,2191,350,97,357,100,80,86,94,173,A,2024
"Smt. Kashibai Navale College of Engineering, Solapur 37",Shivaji University,Sangli,5876,3644,2232,350,97,407,100,81,85,94,197,A,2025
"Sinhgad Institute of Technology, Satara 23",North Maharashtra University,Dhule,3377,1731,1646,140,59,744,78,66,52,40,1134,A++,2022
"Sinhgad Institute of Technology, Satara 23",North Maharashtra University,Dhule,3826,2428,1398,151,59,801,81,68,50,39,1187,A++,2023
"Sinhgad Institute of Technology, Satara 23",North Maharashtra University,Dhule,3979,2336,1643,142,55,724,82,66,51,39,1336,A++,2024
"Sinhgad Institute of Technology, Satara 23",North Maharashtra University,Dhule,4226,2238,1988,149,55,761,83,68,52,39,1453,A++,2025
"K.K. Wagh Institute of Engineering Education, Nashik 43",Shivaji University,Satara,5079,2659,2420,291,78,1196,65,96,79,31,456,B++,2022
"K.K. Wagh Institute of Engineering Education, Nashik 43",Shivaji University,Satara,5482,2719,2763,274,73,1200,71,97,80,37,490,B++,2023
"K.K. Wagh Institute of Engineering Education, Nashik 43",Shivaji University,Satara,5766,3869,1897,268,74,1116,71,97,79,32,516,B++,2024
"K.K. Wagh Institute of Engineering Education, Nashik 43",Shivaji University,Satara,6000,3531,2469,288,80,1200,68,98,78,33,533,B++,2025
"D.Y. Patil Institute of Engineering, Nanded",SNDT Women's University,Akola,1869,1176,693,177,67,397,93,75,63,77,1300,B,2022
"D.Y. Patil Institute of Engineering, Nanded",SNDT Women's University,Akola,1992,1228,764,157,70,361,99,78,62,81,1330,B,2023
"D.Y. Patil Institute of Engineering, Nanded",SNDT Women's University,Akola,1984,841,1143,156,68,403,99,79,62,81,1471,B,2024
"D.Y. Patil Institute of Engineering, Nanded",SNDT Women's University,Akola,2075,1205,870,153,66,342,99,78,62,76,1500,B,2025
"St. John College of Engineering, Wardha",Shivaji University,Sangli,3490,1825,1665,177,53,876,92,85,64,0,602,A++,2022
"St. John College of Engineering, Wardha",Shivaji University,Sangli,3647,1570,2077,167,57,742,88,84,65,0,615,A++,2023
"St. John College of Engineering, Wardha",Shivaji University,Sangli,4000,1831,2169,160,54,878,91,86,67,1,662,A++,2024
"St. John College of Engineering, Wardha",Shivaji University,Sangli,4083,2152,1931,175,61,840,92,85,66,3,724,A++,2025
"St. John College of Engineering, Jalgaon",Shivaji University,Solapur,2718,1399,1319,148,80,148,82,78,53,84,321,A,2022
"St. John College of Engineering, Jalgaon",Shivaji University,Solapur,3028,1466,1562,139,80,141,86,82,55,86,328,A,2023
"St. John College of Engineering, Jalgaon",Shivaji University,Solapur,3142,1813,1329,143,87,163,82,81,54,86,368,A,2024
"St. John College of Engineering, Jalgaon",Shivaji University,Solapur,3164,1689,1475,141,81,167,83,78,55,86,383,A,2025
"Sandip Foundation College of Engineering, Navi Mumbai 91",Rashtrasant Tukadoji Maharaj Nagpur University,Bhandara,1390,756,634,67,60,169,71,79,59,63,364,A,2022
"Sandip Foundation College of Engineering, Navi Mumbai 91",Rashtrasant Tukadoji Maharaj Nagpur University,Bhandara,1431,761,670,67,62,179,72,80,59,62,410,A,2023
"Sandip Foundation College of Engineering, Navi Mumbai 91",Rashtrasant Tukadoji Maharaj Nagpur University,Bhandara,1455,699,756,68,69,178,73,81,59,64,405,A,2024
"Sandip Foundation College of Engineering, Navi Mumbai 91",Rashtrasant Tukadoji Maharaj Nagpur University,Bhandara,1585,959,626,63,63,173,73,81,57,62,449,A,2025
"Fr. Conceicao Rodrigues College of Engineering, Akola 48",SNDT Women's University,Amravati,5303,2495,2808,253,91,582,95,71,82,56,1046,B+,2022
"Fr. Conceicao Rodrigues College of Engineering, Akola 48",SNDT Women's University,Amravati,6000,3415,2585,251,96,579,98,71,83,60,1136,B+,2023
"Fr. Conceicao Rodrigues College of Engineering, Akola 48",SNDT Women's University,Amravati,5770,2956,2814,242,95,545,97,70,85,55,1188,B+,2024
"Fr. Conceicao Rodrigues College of Engineering, Akola 48",SNDT Women's University,Amravati,6000,3507,2493,228,93,548,97,72,82,58,1226,B+,2025
"Terna Engineering College, Ratnagiri",Shivaji University,Sindhudurg,914,423,491,41,81,75,93,75,61,38,1090,A++,2022
"Terna Engineering College, Ratnagiri",Shivaji University,Sindhudurg,981,507,474,36,76,78,95,75,60,42,1107,A++,2023
"Terna Engineering College, Ratnagiri",Shivaji University,Sindhudurg,1006,650,356,41,80,85,95,73,60,44,1253,A++,2024
"Terna Engineering College, Ratnagiri",Shivaji University,Sindhudurg,1009,433,576,39,77,89,95,74,59,40,1311,A++,2025
"Fr. Conceicao Rodrigues College of Engineering, Nashik",SNDT Women's University,Yavatmal,4339,2011,2328,228,47,606,93,91,81,74,200,A++,2022
"Fr. Conceicao Rodrigues College of Engineering, Nashik",SNDT Women's University,Yavatmal,4487,2407,2080,229,53,542,90,91,79,70,222,A++,2023
"Fr. Conceicao Rodrigues College of Engineering, Nashik",SNDT Women's University,Yavatmal,4768,2986,1782,226,46,643,93,93,78,75,226,A++,2024
"Fr. Conceicao Rodrigues College of Engineering, Nashik",SNDT Women's University,Yavatmal,5114,2574,2540,245,55,596,97,93,79,71,234,A++,2025
"Shri Guru Gobind Singhji Institute of Engineering, Akola",Shivaji University,Solapur,2092,986,1106,114,49,272,64,66,56,57,149,A++,2022
"Shri Guru Gobind Singhji Institute of Engineering, Akola",Shivaji University,Solapur,2175,1187,988,105,51,305,67,68,53,61,165,A++,2023
"Shri Guru Gobind Singhji Institute of Engineering, Akola",Shivaji University,Solapur,2245,994,1251,113,53,259,64,66,53,57,179,A++,2024
"Shri Guru Gobind Singhji Institute of Engineering, Akola",Shivaji University,Solapur,2408,1231,1177,107,52,291,67,67,55,62,184,A++,2025
"Shri Guru Gobind Singhji Institute of Engineering, Satara",Savitribai Phule Pune University,Nashik,5517,2458,3059,226,67,1200,81,92,76,46,242,B,2022
"Shri Guru Gobind Singhji Institute of Engineering, Satara",Savitribai Phule Pune University,Nashik,5682,2453,3229,206,66,1200,81,92,75,46,269,B,2023
"Shri Guru Gobind Singhji Institute of Engineering, Satara",Savitribai Phule Pune University,Nashik,6000,3099,2901,222,66,1117,86,92,75,48,279,B,2024
"Shri Guru Gobind Singhji Institute of Engineering, Satara",Savitribai Phule Pune University,Nashik,6000,3927,2073,204,71,1178,83,94,76,48,282,B,2025
"Sandip Foundation College of Engineering, Wadala 18",University of Mumbai,Raigad,1400,885,515,98,75,175,68,77,52,94,135,A,2022
"Sandip Foundation College of Engineering, Wadala 18",University of Mumbai,Raigad,1386,811,575,92,83,156,69,79,50,98,139,A,2023
"Sandip Foundation College of Engineering, Wadala 18",University of Mumbai,Raigad,1532,1014,518,97,85,163,72,81,51,93,156,A,2024
"Sandip Foundation College of Engineering, Wadala 18",University of Mumbai,Raigad,1552,1009,543,94,79,172,70,78,50,97,170,A,2025
"Vivekanand Education Society's Institute of Technology, Satara",Dr. Babasaheb Ambedkar Technological University,Osmanabad,3920,1757,2163,232,64,327,70,65,92,53,1254,A+,2022
"Vivekanand Education Society's Institute of Technology, Satara",Dr. Babasaheb Ambedkar Technological University,Osmanabad,4118,1882,2236,246,59,361,68,66,92,55,1304,A+,2023
"Vivekanand Education Society's Institute of Technology, Satara",Dr. Babasaheb Ambedkar Technological University,Osmanabad,4393,2928,1465,236,64,379,67,68,92,55,1340,A+,2024
"Vivekanand Education Society's Institute of Technology, Satara",Dr. Babasaheb Ambedkar Technological University,Osmanabad,4500,2997,1503,243,64,327,67,67,94,50,1500,A+,2025
"Government College of Engineering, Jalgaon",Rashtrasant Tukadoji Maharaj Nagpur University,Nagpur,686,331,355,40,92,122,64,80,96,2,856,B+,2022
"Government College of Engineering, Jalgaon",Rashtrasant Tukadoji Maharaj Nagpur University,Nagpur,744,415,329,40,87,136,62,80,96,3,936,B+,2023
"Government College of Engineering, Jalgaon",Rashtrasant Tukadoji Maharaj Nagpur University,Nagpur,807,340,467,36,86,139,67,82,96,8,928,B+,2024
"Government College of Engineering, Jalgaon",Rashtrasant Tukadoji Maharaj Nagpur University,Nagpur,843,477,366,37,94,142,67,81,98,7,1030,B+,2025
"Fr. Conceicao Rodrigues College of Engineering, Jalgaon",Rashtrasant Tukadoji Maharaj Nagpur University,Bhandara,1508,926,582,84,63,142,98,86,88,74,1346,A++,2022
"Fr. Conceicao Rodrigues College of Engineering, Jalgaon",Rashtrasant Tukadoji Maharaj Nagpur University,Bhandara,1660,793,867,79,62,160,96,85,86,75,1475,A++,2023
"Fr. Conceicao Rodrigues College of Engineering, Jalgaon",Rashtrasant Tukadoji Maharaj Nagpur University,Bhandara,1666,829,837,75,67,153,98,84,88,74,1500,A++,2024
"Fr. Conceicao Rodrigues College of Engineering, Jalgaon",Rashtrasant Tukadoji Maharaj Nagpur University,Bhandara,1728,1148,580,80,68,145,98,86,88,76,1500,A++,2025
"Vishwakarma Institute of Technology, Jalgaon",Savitribai Phule Pune University,Nashik,4322,2263,2059,317,63,437,97,75,90,89,906,B,2022
"Vishwakarma Institute of Technology, Jalgaon",Savitribai Phule Pune University,Nashik,4762,2449,2313,305,67,449,94,75,92,84,948,B,2023
"Vishwakarma Institute of Technology, Jalgaon",Savitribai Phule Pune University,Nashik,4889,2628,2261,326,68,419,94,76,90,88,998,B,2024
"Vishwakarma Institute of Technology, Jalgaon",Savitribai Phule Pune University,Nashik,5115,2388,2727,304,66,450,99,75,91,88,1096,B,2025
"Vivekanand Education Society's Institute of Technology, Kalyan",Savitribai Phule Pune University,Ahmednagar,5648,3313,2335,334,77,581,85,92,59,41,810,B,2022
"Vivekanand Education Society's Institute of Technology, Kalyan",Savitribai Phule Pune University,Ahmednagar,5976,3266,2710,336,83,654,83,89,58,35,810,B,2023
"Vivekanand Education Society's Institute of Technology, Kalyan",Savitribai Phule Pune University,Ahmednagar,6000,3876,2124,322,77,601,86,90,59,36,883,B,2024
"Vivekanand Education Society's Institute of Technology, Kalyan",Savitribai Phule Pune University,Ahmednagar,6000,3492,2508,321,84,621,90,90,60,37,908,B,2025
"Sinhgad Institute of Technology, Dhule",Shivaji University,Kolhapur,2740,1792,948,108,56,511,64,92,76,72,1088,A+,2022
"Sinhgad Institute of Technology, Dhule",Shivaji University,Kolhapur,2865,1935,930,118,54,606,65,90,78,68,1185,A+,2023
"Sinhgad Institute of Technology, Dhule",Shivaji University,Kolhapur,2892,1501,1391,112,54,583,65,91,78,72,1240,A+,2024
"Sinhgad Institute of Technology, Dhule",Shivaji University,Kolhapur,3148,1338,1810,114,58,596,62,91,75,69,1242,A+,2025
"K.J. Somaiya College of Engineering, Sangli",SNDT Women's University,Aurangabad,1036,541,495,39,67,81,71,68,66,47,1363,B,2022
"K.J. Somaiya College of Engineering, Sangli",SNDT Women's University,Aurangabad,1146,486,660,44,71,82,71,68,67,49,1414,B,2023
"K.J. Somaiya College of Engineering, Sangli",SNDT Women's University,Aurangabad,1172,771,401,41,68,68,71,68,68,48,1500,B,2024
"K.J. Somaiya College of Engineering, Sangli",SNDT Women's University,Aurangabad,1201,589,612,45,74,77,73,70,66,46,1500,B,2025
"K.K. Wagh Institute of Engineering Education, Shirur",Savitribai Phule Pune University,Pune,5069,2143,2926,227,80,449,73,87,71,0,494,A+,2022
"K.K. Wagh Institute of Engineering Education, Shirur",Savitribai Phule Pune University,Pune,5031,2603,2428,220,85,493,76,87,71,3,512,A+,2023
"K.K. Wagh Institute of Engineering Education, Shirur",Savitribai Phule Pune University,Pune,5701,3460,2241,226,85,440,71,87,68,4,563,A+,2024
"K.K. Wagh Institute of Engineering Education, Shirur",Savitribai Phule Pune University,Pune,5549,3064,2485,211,81,489,72,85,68,0,576,A+,2025
"Bharti Vidyapeeth College of Engineering, Akola",Rashtrasant Tukadoji Maharaj Nagpur University,Bhandara,2219,1394,825,111,87,189,72,85,98,34,809,B++,2022
"Bharti Vidyapeeth College of Engineering, Akola",Rashtrasant Tukadoji Maharaj Nagpur University,Bhandara,2528,1698,830,109,92,222,72,87,98,33,875,B++,2023
"Bharti Vidyapeeth College of Engineering, Akola",Rashtrasant Tukadoji Maharaj Nagpur University,Bhandara,2447,1502,945,99,89,219,73,83,100,39,931,B++,2024
"Bharti Vidyapeeth College of Engineering, Akola",Rashtrasant Tukadoji Maharaj Nagpur University,Bhandara,2560,1552,1008,105,97,197,80,84,100,37,992,B++,2025
"Fr. Conceicao Rodrigues College of Engineering, Karad",Shivaji University,Satara,3161,1928,1233,172,72,439,91,83,62,45,701,A,2022
"Fr. Conceicao Rodrigues College of Engineering, Karad",Shivaji University,Satara,3261,2114,1147,172,76,462,92,83,63,45,746,A,2023
"Fr. Conceicao Rodrigues College of Engineering, Karad",Shivaji University,Satara,3620,1734,1886,167,78,454,92,85,63,47,746,A,2024
"Fr. Conceicao Rodrigues College of Engineering, Karad",Shivaji University,Satara,3612,1743,1869,156,79,425,90,83,62,44,813,A,2025
"Atharva College of Engineering, Mumbai",Shivaji University,Kolhapur,1614,703,911,143,82,324,100,92,67,21,464,B,2022
"Atharva College of Engineering, Mumbai",Shivaji University,Kolhapur,1613,1000,613,147,78,358,99,91,70,18,500,B,2023
"Atharva College of Engineering, Mumbai",Shivaji University,Kolhapur,1724,948,776,143,83,357,100,90,68,20,500,B,2024
"Atharva College of Engineering, Mumbai",Shivaji University,Kolhapur,1858,978,880,146,84,383,100,92,70,22,579,B,2025
"Walchand College of Engineering, Kalyan",North Maharashtra University,Nandurbar,2991,1366,1625,210,78,761,94,93,61,93,779,B,2022
"Walchand College of Engineering, Kalyan",North Maharashtra University,Nandurbar,3210,1681,1529,186,75,650,89,93,59,90,793,B,2023
"Walchand College of Engineering, Kalyan",North Maharashtra University,Nandurbar,3193,1621,1572,186,80,651,95,96,61,91,822,B,2024
"Walchand College of Engineering, Kalyan",North Maharashtra University,Nandurbar,3542,1947,1595,199,77,697,95,92,61,90,853,B,2025
"Sinhgad Institute of Technology, Aurangabad 63",University of Mumbai,Thane,5215,2836,2379,202,77,321,64,67,100,0,831,B+,2022
"Sinhgad Institute of Technology, Aurangabad 63",University of Mumbai,Thane,5473,2524,2949,214,81,327,65,67,99,0,941,B+,2023
"Sinhgad Institute of Technology, Aurangabad 63",University of Mumbai,Thane,6000,3867,2133,205,83,292,65,68,100,0,948,B+,2024
"Sinhgad Institute of Technology, Aurangabad 63",University of Mumbai,Thane,6000,2884,3116,222,82,328,66,68,99,1,1077,B+,2025
"K.J. Somaiya College of Engineering, Wardha",Savitribai Phule Pune University,Pune,1625,1063,562,153,76,230,64,94,92,62,121,B,2022
"K.J. Somaiya College of Engineering, Wardha",Savitribai Phule Pune University,Pune,1752,878,874,151,80,232,64,95,91,63,128,B,2023
"K.J. Somaiya College of Engineering, Wardha",Savitribai Phule Pune University,Pune,1793,1168,625,153,79,201,64,94,93,64,131,B,2024
"K.J. Somaiya College of Engineering, Wardha",Savitribai Phule Pune University,Pune,1943,845,1098,137,76,213,68,97,94,63,138,B,2025
"Government College of Engineering, Karad",University of Mumbai,Mumbai,4361,2194,2167,220,83,982,64,96,93,85,913,A++,2022
"Government College of Engineering, Karad",University of Mumbai,Mumbai,4804,2261,2543,214,80,992,61,98,93,85,936,A++,2023
"Government College of Engineering, Karad",University of Mumbai,Mumbai,4726,2015,2711,209,83,956,62,96,96,88,1005,A++,2024
"Government College of Engineering, Karad",University of Mumbai,Mumbai,4942,2646,2296,198,82,1035,61,99,96,85,1032,A++,2025
"Sinhgad Institute of Technology, Nashik 68",Savitribai Phule Pune University,Nashik,1844,1232,612,88,62,394,76,89,56,50,866,A+,2022
"Sinhgad Institute of Technology, Nashik 68",Savitribai Phule Pune University,Nashik,2020,1178,842,96,64,364,78,88,56,46,914,A+,2023
"Sinhgad Institute of Technology, Nashik 68",Savitribai Phule Pune University,Nashik,2130,1383,747,87,61,389,75,89,55,44,969,A+,2024
"Sinhgad Institute of Technology, Nashik 68",Savitribai Phule Pune University,Nashik,2344,1127,1217,97,65,377,79,90,54,47,1011,A+,2025
"Fr. Conceicao Rodrigues College of Engineering, Baramati",Dr. Babasaheb Ambedkar Technological University,Yavatmal,1026,541,485,53,84,208,62,89,76,46,1093,A,2022
"Fr. Conceicao Rodrigues College of Engineering, Baramati",Dr. Babasaheb Ambedkar Technological University,Yavatmal,1172,571,601,48,91,187,67,89,76,45,1149,A,2023
"Fr. Conceicao Rodrigues College of Engineering, Baramati",Dr. Babasaheb Ambedkar Technological University,Yavatmal,1219,813,406,54,86,207,65,91,76,45,1279,A,2024
"Fr. Conceicao Rodrigues College of Engineering, Baramati",Dr. Babasaheb Ambedkar Technological University,Yavatmal,1207,514,693,52,91,209,64,89,73,46,1307,A,2025
"Thadomal Shahani Engineering College, Mumbai",Dr. Babasaheb Ambedkar Technological University,Yavatmal,4223,2157,2066,166,87,843,99,70,85,3,507,A++,2022
"Thadomal Shahani Engineering College, Mumbai",Dr. Babasaheb Ambedkar Technological University,Yavatmal,4229,2466,1763,182,87,851,97,72,83,8,540,A++,2023
"Thadomal Shahani Engineering College, Mumbai",Dr. Babasaheb Ambedkar Technological University,Yavatmal,4745,2405,2340,174,88,823,99,71,85,2,588,A++,2024
"Thadomal Shahani Engineering College, Mumbai",Dr. Babasaheb Ambedkar Technological University,Yavatmal,5216,3101,2115,186,88,788,95,72,82,7,661,A++,2025
"Bharti Vidyapeeth College of Engineering, Bandra 61",Shivaji University,Solapur,994,613,381,49,62,238,98,66,62,39,120,A++,2022
"Bharti Vidyapeeth College of Engineering, Bandra 61",Shivaji University,Solapur,1092,523,569,50,63,211,93,67,60,38,132,A++,2023
"Bharti Vidyapeeth College of Engineering, Bandra 61",Shivaji University,Solapur,1179,558,621,51,66,233,97,68,61,40,136,A++,2024
"Bharti Vidyapeeth College of Engineering, Bandra 61",Shivaji University,Solapur,1201,752,449,49,64,205,95,65,60,41,136,A++,2025
"Bharti Vidyapeeth College of Engineering, Baramati",SNDT Women's University,Osmanabad,2599,1276,1323,185,63,420,85,85,73,93,349,A++,2022
"Bharti Vidyapeeth College of Engineering, Baramati",SNDT Women's University,Osmanabad,2905,1953,952,209,62,394,84,84,75,99,360,A++,2023
"Bharti Vidyapeeth College of Engineering, Baramati",SNDT Women's University,Osmanabad,2875,1313,1562,200,61,398,87,84,76,94,378,A++,2024
"Bharti Vidyapeeth College of Engineering, Baramati",SNDT Women's University,Osmanabad,2986,1436,1550,213,67,411,83,88,76,93,437,A++,2025
"Terna Engineering College, Akola",SNDT Women's University,Chandrapur,1159,506,653,69,45,127,99,91,100,39,151,A++,2022
"Terna Engineering College, Akola",SNDT Women's University,Chandrapur,1270,547,723,63,50,145,100,91,99,44,152,A++,2023
"Terna Engineering College, Akola",SNDT Women's University,Chandrapur,1352,906,446,64,54,148,100,88,100,42,174,A++,2024
"Terna Engineering College, Akola",SNDT Women's University,Chandrapur,1388,666,722,71,48,134,98,92,100,41,183,A++,2025
"Smt. Kashibai Navale College of Engineering, Amravati 58",Dr. Babasaheb Ambedkar Technological University,Latur,4645,2401,2244,196,76,413,96,89,57,96,1257,A,2022
"Smt. Kashibai Navale College of Engineering, Amravati 58",Dr. Babasaheb Ambedkar Technological University,Latur,4814,3252,1562,192,71,435,100,90,57,97,1392,A,2023
"Smt. Kashibai Navale College of Engineering, Amravati 58",Dr. Babasaheb Ambedkar Technological University,Latur,4880,2370,2510,174,75,421,98,91,55,95,1393,A,2024
"Smt. Kashibai Navale College of Engineering, Amravati 58",Dr. Babasaheb Ambedkar Technological University,Latur,5676,3834,1842,174,76,413,100,88,55,100,1500,A,2025
"Shri Guru Gobind Singhji Institute of Engineering, Chandrapur",Savitribai Phule Pune University,Pune,2549,1333,1216,195,87,541,70,87,69,47,279,A++,2022
"Shri Guru Gobind Singhji Institute of Engineering, Chandrapur",Savitribai Phule Pune University,Pune,2731,1618,1113,176,90,511,72,89,72,43,305,A++,2023
"Shri Guru Gobind Singhji Institute of Engineering, Chandrapur",Savitribai Phule Pune University,Pune,2857,1477,1380,199,96,508,70,88,71,48,326,A++,2024
"Shri Guru Gobind Singhji Institute of Engineering, Chandrapur",Savitribai Phule Pune University,Pune,2978,1333,1645,190,96,459,73,88,69,49,370,A++,2025
"Rajarambapu Institute of Technology, Pune 57",Savitribai Phule Pune University,Ahmednagar,1262,692,570,100,56,155,95,97,76,14,141,A,2022
"Rajarambapu Institute of Technology, Pune 57",Savitribai Phule Pune University,Ahmednagar,1357,637,720,86,57,151,93,95,75,12,148,A,2023
"Rajarambapu Institute of Technology, Pune 57",Savitribai Phule Pune University,Ahmednagar,1302,866,436,96,54,170,95,97,78,12,153,A,2024
"Rajarambapu Institute of Technology, Pune 57",Savitribai Phule Pune University,Ahmednagar,1417,812,605,93,55,169,94,98,77,12,158,A,2025
"Rajarambapu Institute of Technology, Ratnagiri",University of Mumbai,Palghar,2955,1902,1053,119,49,330,84,72,97,73,545,B+,2022
"Rajarambapu Institute of Technology, Ratnagiri",University of Mumbai,Palghar,2913,1252,1661,121,45,312,85,68,95,69,595,B+,2023
"Rajarambapu Institute of Technology, Ratnagiri",University of Mumbai,Palghar,3301,2178,1123,121,48,297,85,68,97,70,623,B+,2024
"Rajarambapu Institute of Technology, Ratnagiri",University of Mumbai,Palghar,3468,1863,1605,124,45,283,84,72,95,72,652,B+,2025
"Sanjay Ghodawat Institute, Navi Mumbai",North Maharashtra University,Jalgaon,1506,813,693,103,64,232,65,73,78,36,854,A+,2022
"Sanjay Ghodawat Institute, Navi Mumbai",North Maharashtra University,Jalgaon,1590,739,851,99,61,198,65,75,79,32,956,A+,2023
"Sanjay Ghodawat Institute, Navi Mumbai",North Maharashtra University,Jalgaon,1761,774,987,99,63,197,68,74,79,32,976,A+,2024
"Sanjay Ghodawat Institute, Navi Mumbai",North Maharashtra University,Jalgaon,1688,1088,600,101,68,207,66,73,76,33,1009,A+,2025
"Shri Guru Gobind Singhji Institute of Engineering, Kalyan 47",Shivaji University,Solapur,5278,3515,1763,283,87,466,69,74,68,2,834,A+,2022
"Shri Guru Gobind Singhji Institute of Engineering, Kalyan 47",Shivaji University,Solapur,5560,3252,2308,263,88,423,66,75,71,0,851,A+,2023
"Shri Guru Gobind Singhji Institute of Engineering, Kalyan 47",Shivaji University,Solapur,5572,3714,1858,274,88,467,65,72,68,0,908,A+,2024
"Shri Guru Gobind Singhji Institute of Engineering, Kalyan 47",Shivaji University,Solapur,6000,3556,2444,278,91,455,67,74,68,3,1020,A+,2025
"Vishwakarma Institute of Technology, Wardha",Rashtrasant Tukadoji Maharaj Nagpur University,Gondia,3804,1712,2092,218,85,822,66,85,69,76,451,A,2022
"Vishwakarma Institute of Technology, Wardha",Rashtrasant Tukadoji Maharaj Nagpur University,Gondia,4101,1842,2259,242,91,798,71,83,71,75,516,A,2023
"Vishwakarma Institute of Technology, Wardha",Rashtrasant Tukadoji Maharaj Nagpur University,Gondia,4336,2033,2303,235,91,834,67,85,69,75,540,A,2024
"Vishwakarma Institute of Technology, Wardha",Rashtrasant Tukadoji Maharaj Nagpur University,Gondia,4599,2105,2494,245,92,887,67,86,70,75,571,A,2025
"Thadomal Shahani Engineering College, Nanded",North Maharashtra University,Jalgaon,2636,1535,1101,129,85,377,99,81,69,51,608,A,2022
"Thadomal Shahani Engineering College, Nanded",North Maharashtra University,Jalgaon,2769,1301,1468,125,87,376,97,79,70,48,665,A,2023
"Thadomal Shahani Engineering College, Nanded",North Maharashtra University,Jalgaon,3045,1982,1063,123,85,365,98,80,72,51,666,A,2024
"Thadomal Shahani Engineering College, Nanded",North Maharashtra University,Jalgaon,3129,1653,1476,122,86,406,95,80,71,48,720,A,2025
"St. John College of Engineering, Ratnagiri",Shivaji University,Sindhudurg,4987,3373,1614,186,60,905,94,67,98,59,493,A+,2022
"St. John College of Engineering, Ratnagiri",Shivaji University,Sindhudurg,5372,3079,2293,192,55,881,92,67,97,60,517,A+,2023
"St. John College of Engineering, Ratnagiri",Shivaji University,Sindhudurg,5542,2690,2852,183,58,953,97,68,96,58,575,A+,2024
"St. John College of Engineering, Ratnagiri",Shivaji University,Sindhudurg,5593,2697,2896,181,59,832,96,68,98,58,564,A+,2025
"Fr. Conceicao Rodrigues College of Engineering, Chandrapur",Dr. Babasaheb Ambedkar Technological University,Yavatmal,4194,2480,1714,335,62,443,71,92,100,50,232,B++,2022
"Fr. Conceicao Rodrigues College of Engineering, Chandrapur",Dr. Babasaheb Ambedkar Technological University,Yavatmal,4549,2564,1985,306,68,424,67,90,100,50,239,B++,2023
"Fr. Conceicao Rodrigues College of Engineering, Chandrapur",Dr. Babasaheb Ambedkar Technological University,Yavatmal,4735,2768,1967,313,69,407,70,93,100,49,259,B++,2024
"Fr. Conceicao Rodrigues College of Engineering, Chandrapur",Dr. Babasaheb Ambedkar Technological University,Yavatmal,4809,2338,2471,299,64,457,74,94,100,45,260,B++,2025
"Fr. Conceicao Rodrigues College of Engineering, Shirur",North Maharashtra University,Jalgaon,4394,2136,2258,172,93,572,61,90,96,66,1182,B+,2022
"Fr. Conceicao Rodrigues College of Engineering, Shirur",North Maharashtra University,Jalgaon,4734,2761,1973,172,87,560,62,88,93,66,1246,B+,2023
"Fr. Conceicao Rodrigues College of Engineering, Shirur",North Maharashtra University,Jalgaon,4665,2931,1734,160,88,537,64,90,95,66,1410,B+,2024
"Fr. Conceicao Rodrigues College of Engineering, Shirur",North Maharashtra University,Jalgaon,5252,3143,2109,164,88,507,63,90,95,67,1434,B+,2025
"Smt. Kashibai Navale College of Engineering, Nagpur",Shivaji University,Kolhapur,5341,3101,2240,339,86,994,95,89,98,39,901,B,2022
"Smt. Kashibai Navale College of Engineering, Nagpur",Shivaji University,Kolhapur,5657,2699,2958,350,89,861,97,88,98,39,964,B,2023
"Smt. Kashibai Navale College of Engineering, Nagpur",Shivaji University,Kolhapur,6000,4039,1961,350,85,841,100,91,98,40,1013,B,2024
"Smt. Kashibai Navale College of Engineering, Nagpur",Shivaji University,Kolhapur,6000,2790,3210,320,86,824,100,90,100,43,1128,B,2025
"D.Y. Patil Institute of Engineering, Pune",Shivaji University,Kolhapur,4501,2412,2089,216,86,688,88,89,75,61,1404,B+,2022
"D.Y. Patil Institute of Engineering, Pune",Shivaji University,Kolhapur,4773,2936,1837,208,90,659,90,89,77,62,1500,B+,2023
"D.Y. Patil Institute of Engineering, Pune",Shivaji University,Kolhapur,4754,2022,2732,226,93,748,90,87,76,57,1500,B+,2024
"D.Y. Patil Institute of Engineering, Pune",Shivaji University,Kolhapur,5148,3097,2051,221,94,659,89,88,77,58,1500,B+,2025
"Sanjay Ghodawat Institute, Bandra",Savitribai Phule Pune University,Ahmednagar,4023,1931,2092,330,74,1003,67,74,96,20,755,A++,2022
"Sanjay Ghodawat Institute, Bandra",Savitribai Phule Pune University,Ahmednagar,4299,2699,1600,319,73,893,62,73,98,20,789,A++,2023
"Sanjay Ghodawat Institute, Bandra",Savitribai Phule Pune University,Ahmednagar,4502,2402,2100,317,73,894,65,73,96,16,817,A++,2024
"Sanjay Ghodawat Institute, Bandra",Savitribai Phule Pune University,Ahmednagar,4819,2671,2148,326,73,982,67,72,95,21,863,A++,2025
"Shri Guru Gobind Singhji Institute of Engineering, Nanded",SNDT Women's University,Aurangabad,4120,1900,2220,329,95,674,77,71,70,5,298,A,2022
"Shri Guru Gobind Singhji Institute of Engineering, Nanded",SNDT Women's University,Aurangabad,4110,2191,1919,343,90,700,79,68,68,3,338,A,2023
"Shri Guru Gobind Singhji Institute of Engineering, Nanded",SNDT Women's University,Aurangabad,4551,2588,1963,338,91,709,81,70,69,3,328,A,2024
"Shri Guru Gobind Singhji Institute of Engineering, Nanded",SNDT Women's University,Aurangabad,4992,2878,2114,302,91,706,85,68,68,8,366,A,2025
"Government College of Engineering, Nanded",Rashtrasant Tukadoji Maharaj Nagpur University,Wardha,2350,1428,922,116,78,182,92,92,79,32,835,A+,2022
"Government College of Engineering, Nanded",Rashtrasant Tukadoji Maharaj Nagpur University,Wardha,2501,1376,1125,130,83,177,92,93,79,32,875,A+,2023
"Government College of Engineering, Nanded",Rashtrasant Tukadoji Maharaj Nagpur University,Wardha,2656,1691,965,124,82,190,96,91,78,31,937,A+,2024
"Government College of Engineering, Nanded",Rashtrasant Tukadoji Maharaj Nagpur University,Wardha,2721,1676,1045,114,85,178,96,93,81,31,1054,A+,2025
"Smt. Kashibai Navale College of Engineering, Kolhapur",Rashtrasant Tukadoji Maharaj Nagpur University,Wardha,3455,2103,1352,317,87,817,89,92,76,3,483,B++,2022
"Smt. Kashibai Navale College of Engineering, Kolhapur",Rashtrasant Tukadoji Maharaj Nagpur University,Wardha,3791,1756,2035,316,83,793,86,90,75,3,516,B++,2023
"Smt. Kashibai Navale College of Engineering, Kolhapur",Rashtrasant Tukadoji Maharaj Nagpur University,Wardha,3861,2035,1826,293,87,676,89,91,73,0,555,B++,2024
"Smt. Kashibai Navale College of Engineering, Kolhapur",Rashtrasant Tukadoji Maharaj Nagpur University,Wardha,4074,1866,2208,316,85,770,89,93,74,0,556,B++,2025
"Bharti Vidyapeeth College of Engineering, Amravati 9",Shivaji University,Sindhudurg,4399,2349,2050,325,68,425,66,80,94,60,1072,A++,2022
"Bharti Vidyapeeth College of Engineering, Amravati 9",Shivaji University,Sindhudurg,4531,3019,1512,346,63,391,64,81,94,62,1195,A++,2023
"Bharti Vidyapeeth College of Engineering, Amravati 9",Shivaji University,Sindhudurg,5214,2295,2919,315,71,412,65,82,91,61,1202,A++,2024
"Bharti Vidyapeeth College of Engineering, Amravati 9",Shivaji University,Sindhudurg,5110,2819,2291,300,65,379,71,83,93,59,1219,A++,2025
"Pillai College of Engineering, Ratnagiri 80",University of Mumbai,Thane,2635,1463,1172,100,84,182,69,86,58,31,654,B,2022
"Pillai College of Engineering, Ratnagiri 80",University of Mumbai,Thane,2809,1764,1045,110,86,198,68,87,56,32,726,B,2023
"Pillai College of Engineering, Ratnagiri 80",University of Mumbai,Thane,3075,1744,1331,101,82,205,69,85,59,32,771,B,2024
"Pillai College of Engineering, Ratnagiri 80",University of Mumbai,Thane,3045,1391,1654,116,82,193,69,86,57,27,751,B,2025
"D.Y. Patil Institute of Engineering, Kolhapur",Savitribai Phule Pune University,Nashik,3243,1474,1769,193,52,534,90,75,83,82,1103,B+,2022
"D.Y. Patil Institute of Engineering, Kolhapur",Savitribai Phule Pune University,Nashik,3752,1781,1971,211,52,581,86,77,80,79,1168,B+,2023
"D.Y. Patil Institute of Engineering, Kolhapur",Savitribai Phule Pune University,Nashik,3968,2620,1348,195,52,561,91,76,82,84,1241,B+,2024
"D.Y. Patil Institute of Engineering, Kolhapur",Savitribai Phule Pune University,Nashik,4175,2379,1796,197,57,557,88,78,81,83,1350,B+,2025
"Terna Engineering College, Lonavala 23",Shivaji University,Ratnagiri,4228,2347,1881,261,55,440,85,69,74,0,986,A+,2022
"Terna Engineering College, Lonavala 23",Shivaji University,Ratnagiri,4379,2407,1972,280,59,424,89,68,73,0,1099,A+,2023
"Terna Engineering College, Lonavala 23",Shivaji University,Ratnagiri,4631,2961,1670,258,57,462,87,66,73,1,1164,A+,2024
"Terna Engineering College, Lonavala 23",Shivaji University,Ratnagiri,4775,2416,2359,252,57,477,92,66,73,0,1191,A+,2025
"K.J. Somaiya College of Engineering, Solapur 72",SNDT Women's University,Nanded,4279,1968,2311,240,69,581,64,65,100,95,503,B++,2022
"K.J. Somaiya College of Engineering, Solapur 72",SNDT Women's University,Nanded,4617,3052,1565,237,73,590,68,65,100,95,543,B++,2023
"K.J. Somaiya College of Engineering, Solapur 72",SNDT Women's University,Nanded,4436,2046,2390,235,77,644,63,65,99,100,587,B++,2024
"K.J. Somaiya College of Engineering, Solapur 72",SNDT Women's University,Nanded,4623,2456,2167,257,74,661,64,67,100,94,577,B++,2025
"Shri Guru Gobind Singhji Institute of Engineering, Mumbai",Shivaji University,Ratnagiri,1799,927,872,78,82,340,88,95,57,72,300,A,2022
"Shri Guru Gobind Singhji Institute of Engineering, Mumbai",Shivaji University,Ratnagiri,1734,991,743,81,78,351,89,96,59,76,340,A,2023
"Shri Guru Gobind Singhji Institute of Engineering, Mumbai",Shivaji University,Ratnagiri,1826,1048,778,77,87,301,93,97,57,70,344,A,2024
"Shri Guru Gobind Singhji Institute of Engineering, Mumbai",Shivaji University,Ratnagiri,2100,967,1133,79,88,303,94,96,58,70,361,A,2025
"Sardar Patel College of Engineering, Dhule",Savitribai Phule Pune University,Ahmednagar,761,351,410,33,76,116,88,71,98,85,563,B+,2022
"Sardar Patel College of Engineering, Dhule",Savitribai Phule Pune University,Ahmednagar,806,507,299,32,74,123,85,70,99,81,603,B+,2023
"Sardar Patel College of Engineering, Dhule",Savitribai Phule Pune University,Ahmednagar,810,352,458,36,73,110,88,70,97,85,599,B+,2024
"Sardar Patel College of Engineering, Dhule",Savitribai Phule Pune University,Ahmednagar,930,556,374,34,79,118,86,73,98,85,641,B+,2025
"Pillai College of Engineering, Wardha",Dr. Babasaheb Ambedkar Technological University,Beed,2036,873,1163,83,81,358,96,90,61,78,343,A+,2022
"Pillai College of Engineering, Wardha",Dr. Babasaheb Ambedkar Technological University,Beed,2151,1271,880,86,84,366,100,92,62,80,369,A+,2023
"Pillai College of Engineering, Wardha",Dr. Babasaheb Ambedkar Technological University,Beed,2374,1346,1028,90,80,397,98,92,62,75,399,A+,2024
"Pillai College of Engineering, Wardha",Dr. Babasaheb Ambedkar Technological University,Beed,2526,1158,1368,93,84,370,100,92,60,80,406,A+,2025
"Maharashtra Institute of Technology, Baramati",Shivaji University,Solapur,4338,1832,2506,326,91,519,95,82,81,83,269,B+,2022
"Maharashtra Institute of Technology, Baramati",Shivaji University,Solapur,4924,2709,2215,318,92,507,99,84,83,87,285,B+,2023
"Maharashtra Institute of Technology, Baramati",Shivaji University,Solapur,5028,2883,2145,350,91,483,99,80,84,88,309,B+,2024
"Maharashtra Institute of Technology, Baramati",Shivaji University,Solapur,5112,3471,1641,331,93,473,98,84,81,86,338,B+,2025
"K.J. Somaiya College of Engineering, Dhule 8",Shivaji University,Solapur,1405,759,646,70,52,154,83,82,98,86,812,B,2022
"K.J. Somaiya College of Engineering, Dhule 8",Shivaji University,Solapur,1553,996,557,69,54,139,77,82,98,83,859,B,2023
"K.J. Somaiya College of Engineering, Dhule 8",Shivaji University,Solapur,1629,785,844,60,51,155,84,80,100,83,938,B,2024
"K.J. Somaiya College of Engineering, Dhule 8",Shivaji University,Solapur,1744,1092,652,67,56,149,84,78,100,87,958,B,2025
"Thadomal Shahani Engineering College, Aurangabad",Shivaji University,Solapur,3631,1796,1835,202,48,665,65,92,83,93,614,B,2022
"Thadomal Shahani Engineering College, Aurangabad",Shivaji University,Solapur,3659,2188,1471,201,49,667,62,88,82,97,667,B,2023
"Thadomal Shahani Engineering College, Aurangabad",Shivaji University,Solapur,3816,1892,1924,207,49,662,64,89,83,92,715,B,2024
"Thadomal Shahani Engineering College, Aurangabad",Shivaji University,Solapur,4050,2751,1299,222,49,561,65,88,81,93,695,B,2025
"Ramrao Adik Institute of Technology, Nagpur 59",University of Mumbai,Raigad,3233,1995,1238,129,93,445,73,92,62,64,605,B,2022
"Ramrao Adik Institute of Technology, Nagpur 59",University of Mumbai,Raigad,3426,1853,1573,125,96,510,72,90,64,61,627,B,2023
"Ramrao Adik Institute of Technology, Nagpur 59",University of Mumbai,Raigad,3374,2246,1128,138,94,530,72,91,64,61,675,B,2024
"Ramrao Adik Institute of Technology, Nagpur 59",University of Mumbai,Raigad,3765,1771,1994,144,99,437,78,93,65,60,741,B,2025
"Vivekanand Education Society's Institute of Technology, Baramati",SNDT Women's University,Beed,844,442,402,66,88,172,91,65,57,23,928,A,2022
"Vivekanand Education Society's Institute of Technology, Baramati",SNDT Women's University,Beed,906,496,410,73,88,158,88,65,56,17,975,A,2023
"Vivekanand Education Society's Institute of Technology, Baramati",SNDT Women's University,Beed,860,440,420,75,88,168,90,65,58,23,1037,A,2024
"Vivekanand Education Society's Institute of Technology, Baramati",SNDT Women's University,Beed,912,405,507,70,85,167,91,67,58,17,1120,A,2025
"Fr. Conceicao Rodrigues College of Engineering, Pune 55",Dr. Babasaheb Ambedkar Technological University,Aurangabad,2623,1671,952,198,62,196,83,81,54,50,1295,B,2022
"Fr. Conceicao Rodrigues College of Engineering, Pune 55",Dr. Babasaheb Ambedkar Technological University,Aurangabad,3013,1786,1227,220,63,207,81,81,56,50,1413,B,2023
"Fr. Conceicao Rodrigues College of Engineering, Pune 55",Dr. Babasaheb Ambedkar Technological University,Aurangabad,2879,1606,1273,190,64,204,84,79,54,46,1486,B,2024
"Fr. Conceicao Rodrigues College of Engineering, Pune 55",Dr. Babasaheb Ambedkar Technological University,Aurangabad,3268,2111,1157,218,62,189,82,81,56,46,1500,B,2025
"Smt. Kashibai Navale College of Engineering, Latur 97",Shivaji University,Kolhapur,5250,2494,2756,350,50,267,89,71,57,78,523,B++,2022
"Smt. Kashibai Navale College of Engineering, Latur 97",Shivaji University,Kolhapur,5948,3844,2104,350,56,303,87,70,57,74,571,B++,2023
"Smt. Kashibai Navale College of Engineering, Latur 97",Shivaji University,Kolhapur,5930,3504,2426,337,49,272,88,71,57,72,610,B++,2024
"Smt. Kashibai Navale College of Engineering, Latur 97",Shivaji University,Kolhapur,5903,3721,2182,344,51,280,93,71,58,72,606,B++,2025
"Dwarkadas J. Sanghvi College of Engineering, Wadala",University of Mumbai,Mumbai,2965,1953,1012,136,69,570,87,70,64,51,262,B,2022
"Dwarkadas J. Sanghvi College of Engineering, Wadala",University of Mumbai,Mumbai,3105,2076,1029,139,77,526,90,67,65,50,283,B,2023
"Dwarkadas J. Sanghvi College of Engineering, Wadala",University of Mumbai,Mumbai,3490,1635,1855,133,70,548,92,70,64,52,293,B,2024
"Dwarkadas J. Sanghvi College of Engineering, Wadala",University of Mumbai,Mumbai,3473,1823,1650,133,75,530,93,67,66,48,316,B,2025
"Ramrao Adik Institute of Technology, Chandrapur",Shivaji University,Sangli,2714,1829,885,203,93,582,70,73,54,70,1158,A,2022
"Ramrao Adik Institute of Technology, Chandrapur",Shivaji University,Sangli,2750,1634,1116,194,91,525,66,72,53,69,1211,A,2023
"Ramrao Adik Institute of Technology, Chandrapur",Shivaji University,Sangli,3174,1561,1613,194,92,571,71,72,53,67,1243,A,2024
"Ramrao Adik Institute of Technology, Chandrapur",Shivaji University,Sangli,3036,1389,1647,214,94,595,69,75,56,69,1381,A,2025
"Government College of Engineering, Shirur",SNDT Women's University,Akola,2025,1199,826,106,52,435,98,92,63,11,278,B,2022
"Government College of Engineering, Shirur",SNDT Women's University,Akola,2126,919,1207,92,58,431,100,91,65,12,291,B,2023
"Government College of Engineering, Shirur",SNDT Women's University,Akola,2266,1470,796,95,56,433,100,91,65,14,326,B,2024
"Government College of Engineering, Shirur",SNDT Women's University,Akola,2265,1218,1047,97,56,458,100,93,65,11,325,B,2025
"K.J. Somaiya College of Engineering, Dhule",SNDT Women's University,Chandrapur,3689,1969,1720,221,52,380,65,79,85,73,1193,A,2022
"K.J. Somaiya College of Engineering, Dhule",SNDT Women's University,Chandrapur,3844,1869,1975,219,58,392,67,81,84,73,1305,A,2023
"K.J. Somaiya College of Engineering, Dhule",SNDT Women's University,Chandrapur,4282,2067,2215,226,54,389,68,82,85,78,1378,A,2024
"K.J. Somaiya College of Engineering, Dhule",SNDT Women's University,Chandrapur,4314,1979,2335,216,60,364,66,78,87,74,1402,A,2025
"Terna Engineering College, Pune 85",SNDT Women's University,Parbhani,4449,2702,1747,215,57,853,80,69,100,27,1009,A+,2022
"Terna Engineering College, Pune 85",SNDT Women's University,Parbhani,4657,3033,1624,211,59,814,81,67,100,30,1058,A+,2023
"Terna Engineering College, Pune 85",SNDT Women's University,Parbhani,5096,2162,2934,203,57,793,82,66,100,30,1144,A+,2024
"Terna Engineering College, Pune 85",SNDT Women's University,Parbhani,5402,2370,3032,224,64,829,78,67,100,28,1204,A+,2025
"St. John College of Engineering, Nashik",University of Mumbai,Raigad,954,403,551,52,45,258,82,75,76,70,851,B+,2022
"St. John College of Engineering, Nashik",University of Mumbai,Raigad,1094,633,461,48,46,248,81,72,73,72,955,B+,2023
"St. John College of Engineering, Nashik",University of Mumbai,Raigad,1107,654,453,53,45,255,81,72,76,71,953,B+,2024
"St. John College of Engineering, Nashik",University of Mumbai,Raigad,1157,554,603,52,45,231,81,73,76,73,1083,B+,2025
"Pillai College of Engineering, Karad",Rashtrasant Tukadoji Maharaj Nagpur University,Bhandara,967,430,537,90,45,58,71,66,53,48,1059,B++,2022
"Pillai College of Engineering, Karad",Rashtrasant Tukadoji Maharaj Nagpur University,Bhandara,1089,512,577,84,48,54,70,68,53,51,1071,B++,2023
"Pillai College of Engineering, Karad",Rashtrasant Tukadoji Maharaj Nagpur University,Bhandara,1068,701,367,84,51,60,74,66,52,53,1233,B++,2024
"Pillai College of Engineering, Karad",Rashtrasant Tukadoji Maharaj Nagpur University,Bhandara,1169,493,676,87,56,53,78,68,52,47,1292,B++,2025
"Shri Guru Gobind Singhji Institute of Engineering, Lonavala 99",SNDT Women's University,Amravati,3403,1565,1838,266,78,557,67,82,56,39,232,B,2022
"Shri Guru Gobind Singhji Institute of Engineering, Lonavala 99",SNDT Women's University,Amravati,3869,2160,1709,287,83,527,70,83,56,38,249,B,2023
"Shri Guru Gobind Singhji Institute of Engineering, Lonavala 99",SNDT Women's University,Amravati,3740,2283,1457,296,77,503,69,83,57,36,282,B,2024
"Shri Guru Gobind Singhji Institute of Engineering, Lonavala 99",SNDT Women's University,Amravati,3856,2315,1541,302,81,561,72,80,57,39,302,B,2025
"Dwarkadas J. Sanghvi College of Engineering, Solapur 20",Shivaji University,Ratnagiri,3427,2096,1331,162,97,663,62,83,94,52,538,A,2022
"Dwarkadas J. Sanghvi College of Engineering, Solapur 20",Shivaji University,Ratnagiri,3628,2358,1270,165,98,649,65,86,93,54,561,A,2023
"Dwarkadas J. Sanghvi College of Engineering, Solapur 20",Shivaji University,Ratnagiri,3795,2410,1385,160,98,758,63,83,94,57,619,A,2024
"Dwarkadas J. Sanghvi College of Engineering, Solapur 20",Shivaji University,Ratnagiri,3968,2311,1657,161,100,649,69,84,96,53,661,A,2025
"Maharashtra Institute of Technology, Jalgaon",Dr. Babasaheb Ambedkar Technological University,Amravati,5291,2686,2605,234,60,950,74,70,50,87,343,B++,2022
"Maharashtra Institute of Technology, Jalgaon",Dr. Babasaheb Ambedkar Technological University,Amravati,5491,3459,2032,256,62,933,71,70,52,93,386,B++,2023
"Maharashtra Institute of Technology, Jalgaon",Dr. Babasaheb Ambedkar Technological University,Amravati,5722,2488,3234,258,62,939,71,72,52,92,378,B++,2024
"Maharashtra Institute of Technology, Jalgaon",Dr. Babasaheb Ambedkar Technological University,Amravati,6000,3527,2473,263,67,838,74,71,52,89,418,B++,2025
"Terna Engineering College, Pune",North Maharashtra University,Nandurbar,4558,2005,2553,222,91,450,86,71,98,99,593,A,2022
"Terna Engineering College, Pune",North Maharashtra University,Nandurbar,4643,2514,2129,217,88,405,82,72,99,98,643,A,2023
"Terna Engineering College, Pune",North Maharashtra University,Nandurbar,4643,2823,1820,226,91,441,85,71,97,99,648,A,2024
"Terna Engineering College, Pune",North Maharashtra University,Nandurbar,4964,2378,2586,228,90,437,88,72,99,100,673,A,2025
"Ramrao Adik Institute of Technology, Nashik 4",Shivaji University,Sangli,2556,1488,1068,123,60,441,97,71,83,59,1036,B++,2022
"Ramrao Adik Institute of Technology, Nashik 4",Shivaji University,Sangli,2782,1727,1055,138,66,436,93,67,82,61,1070,B++,2023
"Ramrao Adik Institute of Technology, Nashik 4",Shivaji University,Sangli,2658,1387,1271,140,60,502,98,67,82,60,1221,B++,2024
"Ramrao Adik Institute of Technology, Nashik 4",Shivaji University,Sangli,3095,1817,1278,134,67,465,96,71,81,58,1295,B++,2025
"Pillai College of Engineering, Mumbai",Shivaji University,Sindhudurg,3143,1849,1294,237,93,220,93,71,66,95,1059,A+,2022
"Pillai College of Engineering, Mumbai",Shivaji University,Sindhudurg,3486,1936,1550,246,95,232,94,70,64,94,1142,A+,2023
"Pillai College of Engineering, Mumbai",Shivaji University,Sindhudurg,3426,2082,1344,254,98,223,96,72,63,94,1235,A+,2024
"Pillai College of Engineering, Mumbai",Shivaji University,Sindhudurg,3916,1941,1975,259,99,220,100,72,65,97,1315,A+,2025
"Government College of Engineering, Mumbai 2",Shivaji University,Kolhapur,3905,2440,1465,252,55,338,64,90,65,39,575,A++,2022
"Government College of Engineering, Mumbai 2",Shivaji University,Kolhapur,4412,1879,2533,227,57,336,65,91,65,42,598,A++,2023
"Government College of Engineering, Mumbai 2",Shivaji University,Kolhapur,4616,2545,2071,260,55,366,62,90,64,44,665,A++,2024
"Government College of Engineering, Mumbai 2",Shivaji University,Kolhapur,4566,3072,1494,242,53,362,63,89,65,43,680,A++,2025
"Atharva College of Engineering, Akola",Dr. Babasaheb Ambedkar Technological University,Osmanabad,3409,1690,1719,242,87,679,74,79,83,8,844,B+,2022
"Atharva College of Engineering, Akola",Dr. Babasaheb Ambedkar Technological University,Osmanabad,3478,2259,1219,239,88,766,74,77,82,2,917,B+,2023
"Atharva College of Engineering, Akola",Dr. Babasaheb Ambedkar Technological University,Osmanabad,3605,1951,1654,270,87,728,73,78,83,6,912,B+,2024
"Atharva College of Engineering, Akola",Dr. Babasaheb Ambedkar Technological University,Osmanabad,3891,2132,1759,240,92,794,70,80,82,7,958,B+,2025
"Rajarambapu Institute of Technology, Thane 40",Shivaji University,Sangli,4460,2742,1718,270,71,444,95,85,96,79,564,A++,2022
"Rajarambapu Institute of Technology, Thane 40",Shivaji University,Sangli,5059,3149,1910,269,73,456,93,83,97,82,555,A++,2023
"Rajarambapu Institute of Technology, Thane 40",Shivaji University,Sangli,5318,3043,2275,253,72,390,95,86,96,77,631,A++,2024
"Rajarambapu Institute of Technology, Thane 40",Shivaji University,Sangli,5265,3083,2182,259,71,450,99,82,99,76,687,A++,2025
"Thadomal Shahani Engineering College, Dhule 94",Dr. Babasaheb Ambedkar Technological University,Parbhani,515,268,247,20,47,50,79,65,72,1,1279,A+,2022
"Thadomal Shahani Engineering College, Dhule 94",Dr. Babasaheb Ambedkar Technological University,Parbhani,514,286,228,20,47,50,81,65,71,0,1416,A+,2023
"Thadomal Shahani Engineering College, Dhule 94",Dr. Babasaheb Ambedkar Technological University,Parbhani,552,235,317,20,50,50,86,65,71,1,1500,A+,2024
"Thadomal Shahani Engineering College, Dhule 94",Dr. Babasaheb Ambedkar Technological University,Parbhani,563,271,292,20,50,50,81,65,70,2,1500,A+,2025
"St. John College of Engineering, Akola 14",Dr. Babasaheb Ambedkar Technological University,Aurangabad,4251,1929,2322,165,50,825,67,65,65,64,864,B++,2022
"St. John College of Engineering, Akola 14",Dr. Babasaheb Ambedkar Technological University,Aurangabad,4346,2317,2029,172,51,776,62,65,64,66,947,B++,2023
"St. John College of Engineering, Akola 14",Dr. Babasaheb Ambedkar Technological University,Aurangabad,4358,1878,2480,156,52,777,64,67,66,66,1023,B++,2024
"St. John College of Engineering, Akola 14",Dr. Babasaheb Ambedkar Technological University,Aurangabad,4586,2964,1622,152,55,802,64,67,64,63,1099,B++,2025
"Ramrao Adik Institute of Technology, Nagpur",Dr. Babasaheb Ambedkar Technological University,Nanded,3511,1706,1805,274,77,239,69,82,68,33,685,B,2022
"Ramrao Adik Institute of Technology, Nagpur",Dr. Babasaheb Ambedkar Technological University,Nanded,3612,2312,1300,278,86,231,66,82,68,34,750,B,2023
"Ramrao Adik Institute of Technology, Nagpur",Dr. Babasaheb Ambedkar Technological University,Nanded,3710,2487,1223,264,83,242,66,82,70,36,746,B,2024
"Ramrao Adik Institute of Technology, Nagpur",Dr. Babasaheb Ambedkar Technological University,Nanded,3885,2113,1772,289,88,235,71,79,70,30,789,B,2025
"St. John College of Engineering, Bandra 42",Shivaji University,Sangli,2540,1472,1068,162,54,205,97,69,58,14,394,B++,2022
"St. John College of Engineering, Bandra 42",Shivaji University,Sangli,2662,1607,1055,181,58,201,94,72,60,14,438,B++,2023
"St. John College of Engineering, Bandra 42",Shivaji University,Sangli,2749,1581,1168,175,61,209,99,72,60,16,455,B++,2024
"St. John College of Engineering, Bandra 42",Shivaji University,Sangli,2957,1703,1254,179,63,182,100,71,59,14,496,B++,2025
"D.Y. Patil Institute of Engineering, Karad",Rashtrasant Tukadoji Maharaj Nagpur University,Bhandara,3892,2279,1613,250,59,791,62,75,92,41,1221,A+,2022
"D.Y. Patil Institute of Engineering, Karad",Rashtrasant Tukadoji Maharaj Nagpur University,Bhandara,3995,2320,1675,266,61,893,63,73,93,41,1338,A+,2023
"D.Y. Patil Institute of Engineering, Karad",Rashtrasant Tukadoji Maharaj Nagpur University,Bhandara,4447,2208,2239,233,65,803,67,73,95,39,1417,A+,2024
"D.Y. Patil Institute of Engineering, Karad",Rashtrasant Tukadoji Maharaj Nagpur University,Bhandara,4784,2597,2187,243,61,811,67,73,95,36,1500,A+,2025
"Maharashtra Institute of Technology, Solapur 42",Savitribai Phule Pune University,Nashik,2291,1523,768,95,74,354,78,83,62,5,832,A++,2022
"Maharashtra Institute of Technology, Solapur 42",Savitribai Phule Pune University,Nashik,2571,1172,1399,97,67,370,78,79,62,3,939,A++,2023
"Maharashtra Institute of Technology, Solapur 42",Savitribai Phule Pune University,Nashik,2467,1127,1340,94,74,335,81,80,63,4,992,A++,2024
"Maharashtra Institute of Technology, Solapur 42",Savitribai Phule Pune University,Nashik,2726,1248,1478,94,70,366,81,83,63,2,1008,A++,2025
"Fr. Conceicao Rodrigues College of Engineering, Karad 32",Rashtrasant Tukadoji Maharaj Nagpur University,Nagpur,1181,750,431,48,56,99,60,78,58,28,843,B++,2022
"Fr. Conceicao Rodrigues College of Engineering, Karad 32",Rashtrasant Tukadoji Maharaj Nagpur University,Nagpur,1303,879,424,55,54,100,66,79,60,26,868,B++,2023
"Fr. Conceicao Rodrigues College of Engineering, Karad 32",Rashtrasant Tukadoji Maharaj Nagpur University,Nagpur,1374,853,521,55,55,96,61,77,58,25,982,B++,2024
"Fr. Conceicao Rodrigues College of Engineering, Karad 32",Rashtrasant Tukadoji Maharaj Nagpur University,Nagpur,1334,791,543,53,58,101,65,77,57,22,1054,B++,2025
"Pillai College of Engineering, Wadala",University of Mumbai,Raigad,4959,2732,2227,229,48,300,63,75,90,53,328,A++,2022
"Pillai College of Engineering, Wadala",University of Mumbai,Raigad,4877,2870,2007,229,47,303,63,75,93,56,363,A++,2023
"Pillai College of Engineering, Wadala",University of Mumbai,Raigad,5604,3113,2491,260,54,291,67,76,90,58,371,A++,2024
"Pillai College of Engineering, Wadala",University of Mumbai,Raigad,5740,2813,2927,261,55,279,65,78,91,53,410,A++,2025
"Rajarambapu Institute of Technology, Wardha 16",University of Mumbai,Mumbai Suburban,837,381,456,61,83,116,86,95,52,45,1377,B++,2022
"Rajarambapu Institute of Technology, Wardha 16",University of Mumbai,Mumbai Suburban,849,549,300,64,85,122,82,95,50,51,1500,B++,2023
"Rajarambapu Institute of Technology, Wardha 16",University of Mumbai,Mumbai Suburban,879,583,296,63,83,103,84,95,51,48,1500,B++,2024
"Rajarambapu Institute of Technology, Wardha 16",University of Mumbai,Mumbai Suburban,1033,690,343,60,82,106,87,94,53,49,1500,B++,2025
"Atharva College of Engineering, Kolhapur",North Maharashtra University,Dhule,2523,1194,1329,180,52,158,96,82,91,34,1016,A+,2022
"Atharva College of Engineering, Kolhapur",North Maharashtra University,Dhule,2592,1372,1220,175,56,141,99,82,92,37,1055,A+,2023
"Atharva College of Engineering, Kolhapur",North Maharashtra University,Dhule,2713,1191,1522,171,56,147,100,78,91,40,1174,A+,2024
"Atharva College of Engineering, Kolhapur",North Maharashtra University,Dhule,2770,1785,985,161,53,167,98,81,92,36,1310,A+,2025
"Atharva College of Engineering, Karad",Savitribai Phule Pune University,Pune,3269,1547,1722,245,54,567,94,78,90,69,129,A,2022
"Atharva College of Engineering, Karad",Savitribai Phule Pune University,Pune,3527,1952,1575,273,55,522,91,78,92,72,136,A,2023
"Atharva College of Engineering, Karad",Savitribai Phule Pune University,Pune,3852,1720,2132,243,63,628,94,79,91,71,149,A,2024
"Atharva College of Engineering, Karad",Savitribai Phule Pune University,Pune,4036,2415,1621,253,62,621,93,82,90,66,159,A,2025
"St. John College of Engineering, Chandrapur 62",Shivaji University,Ratnagiri,2966,1771,1195,120,73,335,78,77,50,40,1236,B++,2022
"St. John College of Engineering, Chandrapur 62",Shivaji University,Ratnagiri,3247,1970,1277,122,75,343,79,74,53,43,1345,B++,2023
"St. John College of Engineering, Chandrapur 62",Shivaji University,Ratnagiri,3279,1722,1557,129,77,371,75,76,50,40,1378,B++,2024
"St. John College of Engineering, Chandrapur 62",Shivaji University,Ratnagiri,3357,2143,1214,117,81,335,77,74,53,42,1500,B++,2025
"Walchand College of Engineering, Pune 36",University of Mumbai,Mumbai Suburban,4398,2735,1663,273,85,1155,72,71,67,85,528,B++,2022
"Walchand College of Engineering, Pune 36",University of Mumbai,Mumbai Suburban,4485,2643,1842,291,80,1165,68,71,67,84,593,B++,2023
"Walchand College of Engineering, Pune 36",University of Mumbai,Mumbai Suburban,5197,2936,2261,273,84,1006,72,73,66,87,618,B++,2024
"Walchand College of Engineering, Pune 36",University of Mumbai,Mumbai Suburban,4847,2235,2612,289,81,1137,75,69,65,86,680,B++,2025
"Sardar Patel College of Engineering, Karad 95",University of Mumbai,Mumbai Suburban,4770,2895,1875,211,69,575,70,75,66,76,678,A+,2022
"Sardar Patel College of Engineering, Karad 95",University of Mumbai,Mumbai Suburban,5182,2866,2316,208,67,550,71,78,67,78,751,A+,2023
"Sardar Patel College of Engineering, Karad 95",University of Mumbai,Mumbai Suburban,5029,2968,2061,190,69,544,73,77,67,75,777,A+,2024
"Sardar Patel College of Engineering, Karad 95",University of Mumbai,Mumbai Suburban,5609,3773,1836,193,75,549,76,74,64,77,839,A+,2025
"Ramrao Adik Institute of Technology, Bandra",Shivaji University,Sindhudurg,3237,1776,1461,124,83,252,75,98,86,40,419,A++,2022
"Ramrao Adik Institute of Technology, Bandra",Shivaji University,Sindhudurg,3395,2164,1231,116,86,253,72,94,85,41,449,A++,2023
"Ramrao Adik Institute of Technology, Bandra",Shivaji University,Sindhudurg,3406,1595,1811,126,82,243,75,96,83,41,497,A++,2024
"Ramrao Adik Institute of Technology, Bandra",Shivaji University,Sindhudurg,3550,2408,1142,121,85,259,75,94,83,41,480,A++,2025
"Walchand College of Engineering, Shirur",SNDT Women's University,Nanded,2902,1627,1275,125,58,643,80,76,70,8,130,A++,2022
"Walchand College of Engineering, Shirur",SNDT Women's University,Nanded,3150,1483,1667,117,58,563,79,75,71,10,139,A++,2023
"Walchand College of Engineering, Shirur",SNDT Women's University,Nanded,3422,2207,1215,114,56,581,80,76,69,9,152,A++,2024
"Walchand College of Engineering, Shirur",SNDT Women's University,Nanded,3364,1879,1485,116,63,562,82,77,70,8,151,A++,2025
"K.J. Somaiya College of Engineering, Baramati 19",Rashtrasant Tukadoji Maharaj Nagpur University,Bhandara,4597,2195,2402,191,50,549,88,71,70,36,714,A++,2022
"K.J. Somaiya College of Engineering, Baramati 19",Rashtrasant Tukadoji Maharaj Nagpur University,Bhandara,4878,2183,2695,192,51,531,87,72,72,38,774,A++,2023
"K.J. Somaiya College of Engineering, Baramati 19",Rashtrasant Tukadoji Maharaj Nagpur University,Bhandara,4941,2095,2846,180,54,575,85,71,71,35,762,A++,2024
"K.J. Somaiya College of Engineering, Baramati 19",Rashtrasant Tukadoji Maharaj Nagpur University,Bhandara,5234,2361,2873,191,56,581,84,69,73,39,834,A++,2025
"K.J. Somaiya College of Engineering, Kolhapur 56",Rashtrasant Tukadoji Maharaj Nagpur University,Gondia,3968,2204,1764,206,55,728,92,85,65,83,1185,B,2022
"K.J. Somaiya College of Engineering, Kolhapur 56",Rashtrasant Tukadoji Maharaj Nagpur University,Gondia,4171,2070,2101,187,58,718,93,86,65,86,1322,B,2023
"K.J. Somaiya College of Engineering, Kolhapur 56",Rashtrasant Tukadoji Maharaj Nagpur University,Gondia,4751,2583,2168,211,62,702,99,88,66,88,1328,B,2024
"K.J. Somaiya College of Engineering, Kolhapur 56",Rashtrasant Tukadoji Maharaj Nagpur University,Gondia,4501,2616,1885,214,57,794,99,85,65,88,1490,B,2025
"Sinhgad Institute of Technology, Sangli",SNDT Women's University,Yavatmal,1725,883,842,81,93,450,82,69,63,78,664,A+,2022
"Sinhgad Institute of Technology, Sangli",SNDT Women's University,Yavatmal,1941,881,1060,81,90,401,83,69,62,77,709,A+,2023
"Sinhgad Institute of Technology, Sangli",SNDT Women's University,Yavatmal,1908,965,943,86,93,406,85,69,63,80,802,A+,2024
"Sinhgad Institute of Technology, Sangli",SNDT Women's University,Yavatmal,2102,1035,1067,86,90,412,86,69,62,79,867,A+,2025
"D.Y. Patil Institute of Engineering, Kalyan",Dr. Babasaheb Ambedkar Technological University,Chandrapur,3014,1761,1253,124,57,577,68,86,79,0,588,A+,2022
"D.Y. Patil Institute of Engineering, Kalyan",Dr. Babasaheb Ambedkar Technological University,Chandrapur,3175,1840,1335,112,53,560,65,86,77,0,653,A+,2023
"D.Y. Patil Institute of Engineering, Kalyan",Dr. Babasaheb Ambedkar Technological University,Chandrapur,3209,1380,1829,113,57,514,64,88,78,0,702,A+,2024
"D.Y. Patil Institute of Engineering, Kalyan",Dr. Babasaheb Ambedkar Technological University,Chandrapur,3402,2204,1198,127,55,559,70,86,77,0,662,A+,2025
"Bharti Vidyapeeth College of Engineering, Jalgaon",Savitribai Phule Pune University,Ahmednagar,1256,538,718,55,50,161,84,73,77,62,787,A,2022
"Bharti Vidyapeeth College of Engineering, Jalgaon",Savitribai Phule Pune University,Ahmednagar,1346,781,565,56,52,148,89,74,78,63,887,A,2023
"Bharti Vidyapeeth College of Engineering, Jalgaon",Savitribai Phule Pune University,Ahmednagar,1460,886,574,56,52,148,84,74,77,66,910,A,2024
"Bharti Vidyapeeth College of Engineering, Jalgaon",Savitribai Phule Pune University,Ahmednagar,1528,708,820,56,50,174,85,77,76,66,1000,A,2025
"Thadomal Shahani Engineering College, Chandrapur 84",Rashtrasant Tukadoji Maharaj Nagpur University,Bhandara,2198,1384,814,149,47,409,60,82,51,41,564,B,2022
"Thadomal Shahani Engineering College, Chandrapur 84",Rashtrasant Tukadoji Maharaj Nagpur University,Bhandara,2356,993,1363,155,47,397,64,81,50,41,604,B,2023
"Thadomal Shahani Engineering College, Chandrapur 84",Rashtrasant Tukadoji Maharaj Nagpur University,Bhandara,2327,1074,1253,165,54,422,64,82,53,40,659,B,2024
"Thadomal Shahani Engineering College, Chandrapur 84",Rashtrasant Tukadoji Maharaj Nagpur University,Bhandara,2375,1279,1096,167,53,434,63,83,52,41,708,B,2025
"St. John College of Engineering, Kolhapur 71",North Maharashtra University,Nandurbar,3002,1556,1446,159,80,635,62,90,93,21,1266,A++,2022
"St. John College of Engineering, Kolhapur 71",North Maharashtra University,Nandurbar,3187,1943,1244,148,89,707,63,93,90,23,1307,A++,2023
"St. John College of Engineering, Kolhapur 71",North Maharashtra University,Nandurbar,3162,1893,1269,143,85,715,64,94,91,24,1461,A++,2024
"St. John College of Engineering, Kolhapur 71",North Maharashtra University,Nandurbar,3417,1588,1829,152,86,690,61,90,93,24,1444,A++,2025
"Vishwakarma Institute of Technology, Solapur 53",SNDT Women's University,Yavatmal,2660,1169,1491,161,55,164,94,95,60,8,758,B,2022
"Vishwakarma Institute of Technology, Solapur 53",SNDT Women's University,Yavatmal,2852,1783,1069,176,56,153,97,96,60,6,788,B,2023
"Vishwakarma Institute of Technology, Solapur 53",SNDT Women's University,Yavatmal,2937,1587,1350,173,56,153,100,97,60,4,913,B,2024
"Vishwakarma Institute of Technology, Solapur 53",SNDT Women's University,Yavatmal,3030,1478,1552,160,57,166,100,94,59,6,933,B,2025
"Sandip Foundation College of Engineering, Lonavala",Dr. Babasaheb Ambedkar Technological University,Aurangabad,2080,1188,892,136,61,468,88,70,70,98,846,A++,2022
"Sandip Foundation College of Engineering, Lonavala",Dr. Babasaheb Ambedkar Technological University,Aurangabad,2150,1327,823,157,61,446,92,72,69,100,931,A++,2023
"Sandip Foundation College of Engineering, Lonavala",Dr. Babasaheb Ambedkar Technological University,Aurangabad,2356,1307,1049,139,61,503,94,70,69,100,934,A++,2024
"Sandip Foundation College of Engineering, Lonavala",Dr. Babasaheb Ambedkar Technological University,Aurangabad,2419,1472,947,137,65,443,89,72,71,100,1045,A++,2025
"Thadomal Shahani Engineering College, Kalyan 34",Savitribai Phule Pune University,Pune,4634,2507,2127,272,71,964,81,76,79,3,572,B,2022
"Thadomal Shahani Engineering College, Kalyan 34",Savitribai Phule Pune University,Pune,4825,3186,1639,284,65,934,82,76,78,5,632,B,2023
"Thadomal Shahani Engineering College, Kalyan 34",Savitribai Phule Pune University,Pune,5243,3367,1876,275,67,986,83,75,78,8,680,B,2024
"Thadomal Shahani Engineering College, Kalyan 34",Savitribai Phule Pune University,Pune,5580,3602,1978,251,69,1022,83,78,79,7,660,B,2025
"Sardar Patel College of Engineering, Baramati",Rashtrasant Tukadoji Maharaj Nagpur University,Bhandara,5395,2936,2459,350,91,607,95,90,97,76,513,B,2022
"Sardar Patel College of Engineering, Baramati",Rashtrasant Tukadoji Maharaj Nagpur University,Bhandara,5770,2739,3031,350,85,661,91,90,100,72,558,B,2023
"Sardar Patel College of Engineering, Baramati",Rashtrasant Tukadoji Maharaj Nagpur University,Bhandara,6000,2700,3300,330,92,635,98,90,97,72,593,B,2024
"Sardar Patel College of Engineering, Baramati",Rashtrasant Tukadoji Maharaj Nagpur University,Bhandara,6000,2659,3341,328,92,595,94,89,97,76,639,B,2025
"Vivekanand Education Society's Institute of Technology, Mumbai 67",SNDT Women's University,Amravati,2225,1352,873,126,54,298,60,96,86,63,1143,B+,2022
"Vivekanand Education Society's Institute of Technology, Mumbai 67",SNDT Women's University,Amravati,2282,1184,1098,117,47,293,62,97,85,64,1271,B+,2023
"Vivekanand Education Society's Institute of Technology, Mumbai 67",SNDT Women's University,Amravati,2415,1077,1338,118,56,294,65,99,86,65,1372,B+,2024
"Vivekanand Education Society's Institute of Technology, Mumbai 67",SNDT Women's University,Amravati,2626,1325,1301,115,53,276,61,99,86,68,1458,B+,2025
"Sandip Foundation College of Engineering, Shirur",North Maharashtra University,Nandurbar,1838,939,899,68,52,437,74,71,52,56,240,B++,2022
"Sandip Foundation College of Engineering, Shirur",North Maharashtra University,Nandurbar,1876,850,1026,72,59,438,75,71,52,54,244,B++,2023
"Sandip Foundation College of Engineering, Shirur",North Maharashtra University,Nandurbar,1902,1008,894,68,58,415,73,73,52,52,280,B++,2024
"Sandip Foundation College of Engineering, Shirur",North Maharashtra University,Nandurbar,1985,872,1113,72,56,372,74,71,54,51,280,B++,2025
"Sandip Foundation College of Engineering, Satara",Dr. Babasaheb Ambedkar Technological University,Osmanabad,2332,1119,1213,151,87,500,65,68,76,73,849,B+,2022
"Sandip Foundation College of Engineering, Satara",Dr. Babasaheb Ambedkar Technological University,Osmanabad,2425,1287,1138,154,94,506,62,70,73,70,876,B+,2023
"Sandip Foundation College of Engineering, Satara",Dr. Babasaheb Ambedkar Technological University,Osmanabad,2806,1294,1512,161,89,506,67,70,73,69,900,B+,2024
"Sandip Foundation College of Engineering, Satara",Dr. Babasaheb Ambedkar Technological University,Osmanabad,2618,1346,1272,161,97,542,69,71,75,71,1054,B+,2025
"Vivekanand Education Society's Institute of Technology, Nanded 67",Dr. Babasaheb Ambedkar Technological University,Akola,5069,2214,2855,258,96,661,86,73,59,71,1191,B,2022
"Vivekanand Education Society's Institute of Technology, Nanded 67",Dr. Babasaheb Ambedkar Technological University,Akola,5215,3324,1891,250,98,611,83,76,58,75,1227,B,2023
"Vivekanand Education Society's Institute of Technology, Nanded 67",Dr. Babasaheb Ambedkar Technological University,Akola,5906,2668,3238,248,99,686,84,75,61,71,1394,B,2024
"Vivekanand Education Society's Institute of Technology, Nanded 67",Dr. Babasaheb Ambedkar Technological University,Akola,5674,2621,3053,261,100,612,85,74,61,69,1370,B,2025
"Sanjay Ghodawat Institute, Dhule 13",North Maharashtra University,Dhule,4508,2737,1771,223,91,499,92,89,75,33,805,A++,2022
"Sanjay Ghodawat Institute, Dhule 13",North Maharashtra University,Dhule,4826,2606,2220,198,93,550,97,87,77,34,900,A++,2023
"Sanjay Ghodawat Institute, Dhule 13",North Maharashtra University,Dhule,5206,2456,2750,204,94,523,92,85,78,31,902,A++,2024
"Sanjay Ghodawat Institute, Dhule 13",North Maharashtra University,Dhule,5723,3410,2313,206,100,512,96,85,76,30,979,A++,2025
"Smt. Kashibai Navale College of Engineering, Kalyan",Dr. Babasaheb Ambedkar Technological University,Latur,2498,1698,800,156,83,431,83,68,76,45,533,A+,2022
"Smt. Kashibai Navale College of Engineering, Kalyan",Dr. Babasaheb Ambedkar Technological University,Latur,2644,1676,968,138,82,424,88,66,77,39,546,A+,2023
"Smt. Kashibai Navale College of Engineering, Kalyan",Dr. Babasaheb Ambedkar Technological University,Latur,2969,1558,1411,147,86,461,88,69,74,45,578,A+,2024
"Smt. Kashibai Navale College of Engineering, Kalyan",Dr. Babasaheb Ambedkar Technological University,Latur,2800,1501,1299,148,90,390,86,65,74,44,657,A+,2025
"Sardar Patel College of Engineering, Ratnagiri",SNDT Women's University,Osmanabad,2591,1454,1137,116,86,494,75,73,68,94,903,A,2022
"Sardar Patel College of Engineering, Ratnagiri",SNDT Women's University,Osmanabad,2851,1246,1605,113,86,442,75,75,68,98,991,A,2023
"Sardar Patel College of Engineering, Ratnagiri",SNDT Women's University,Osmanabad,2901,1669,1232,108,93,491,76,74,69,97,994,A,2024
"Sardar Patel College of Engineering, Ratnagiri",SNDT Women's University,Osmanabad,2977,1590,1387,102,94,454,77,73,68,95,1165,A,2025
"Vishwakarma Institute of Technology, Amravati 78",University of Mumbai,Raigad,1950,894,1056,105,67,356,94,88,53,63,398,A++,2022
"Vishwakarma Institute of Technology, Amravati 78",University of Mumbai,Raigad,2031,1083,948,101,76,370,94,88,52,66,412,A++,2023
"Vishwakarma Institute of Technology, Amravati 78",University of Mumbai,Raigad,1961,1186,775,112,71,385,97,87,52,63,439,A++,2024
"Vishwakarma Institute of Technology, Amravati 78",University of Mumbai,Raigad,2186,1384,802,106,72,329,95,86,53,67,477,A++,2025
"Rajarambapu Institute of Technology, Latur 52",Savitribai Phule Pune University,Nashik,4550,2861,1689,350,54,1096,73,66,65,3,959,B+,2022
"Rajarambapu Institute of Technology, Latur 52",Savitribai Phule Pune University,Nashik,5132,2918,2214,350,61,1107,69,66,67,1,1032,B+,2023
"Rajarambapu Institute of Technology, Latur 52",Savitribai Phule Pune University,Nashik,5284,3079,2205,350,63,928,76,66,67,3,1050,B+,2024
"Rajarambapu Institute of Technology, Latur 52",Savitribai Phule Pune University,Nashik,5257,3243,2014,347,61,1029,76,67,67,5,1119,B+,2025
"Maharashtra Institute of Technology, Ratnagiri 36",Savitribai Phule Pune University,Ahmednagar,4426,2479,1947,234,48,731,72,89,83,75,924,B++,2022
"Maharashtra Institute of Technology, Ratnagiri 36",Savitribai Phule Pune University,Ahmednagar,4309,2753,1556,265,55,777,74,90,83,73,1014,B++,2023
"Maharashtra Institute of Technology, Ratnagiri 36",Savitribai Phule Pune University,Ahmednagar,4823,3197,1626,252,57,794,77,88,81,77,1071,B++,2024
"Maharashtra Institute of Technology, Ratnagiri 36",Savitribai Phule Pune University,Ahmednagar,5000,2756,2244,250,57,780,79,89,80,75,1049,B++,2025
"Pillai College of Engineering, Ratnagiri",SNDT Women's University,Parbhani,1126,681,445,71,66,76,96,76,65,82,495,B,2022
"Pillai College of Engineering, Ratnagiri",SNDT Women's University,Parbhani,1252,734,518,70,70,74,99,80,64,81,559,B,2023
"Pillai College of Engineering, Ratnagiri",SNDT Women's University,Parbhani,1243,773,470,73,73,67,99,76,66,84,591,B,2024
"Pillai College of Engineering, Ratnagiri",SNDT Women's University,Parbhani,1384,716,668,74,72,78,98,76,65,82,618,B,2025
"Sandip Foundation College of Engineering, Solapur",Dr. Babasaheb Ambedkar Technological University,Amravati,510,273,237,27,54,83,96,65,65,33,1255,B,2022
"Sandip Foundation College of Engineering, Solapur",Dr. Babasaheb Ambedkar Technological University,Amravati,573,301,272,29,52,81,99,65,65,33,1301,B,2023
"Sandip Foundation College of Engineering, Solapur",Dr. Babasaheb Ambedkar Technological University,Amravati,596,285,311,26,57,84,98,66,66,30,1473,B,2024
"Sandip Foundation College of Engineering, Solapur",Dr. Babasaheb Ambedkar Technological University,Amravati,632,338,294,29,58,82,100,65,63,31,1399,B,2025
"Shri Guru Gobind Singhji Institute of Engineering, Bandra 83",Shivaji University,Solapur,3440,1545,1895,147,73,322,92,86,93,69,1295,B++,2022
"Shri Guru Gobind Singhji Institute of Engineering, Bandra 83",Shivaji University,Solapur,3553,1591,1962,132,77,358,88,83,93,63,1398,B++,2023
"Shri Guru Gobind Singhji Institute of Engineering, Bandra 83",Shivaji University,Solapur,3578,1978,1600,136,72,359,89,84,94,66,1372,B++,2024
"Shri Guru Gobind Singhji Institute of Engineering, Bandra 83",Shivaji University,Solapur,3646,1623,2023,134,73,356,93,84,94,63,1500,B++,2025
"St. John College of Engineering, Baramati",SNDT Women's University,Nanded,5299,3389,1910,267,66,630,68,93,54,45,598,B+,2022
"St. John College of Engineering, Baramati",SNDT Women's University,Nanded,5651,3479,2172,274,68,588,68,93,56,43,671,B+,2023
"St. John College of Engineering, Baramati",SNDT Women's University,Nanded,5672,2782,2890,266,67,585,64,94,55,44,667,B+,2024
"St. John College of Engineering, Baramati",SNDT Women's University,Nanded,6000,3107,2893,258,68,597,69,97,54,45,776,B+,2025
"Smt. Kashibai Navale College of Engineering, Nanded 34",University of Mumbai,Raigad,5320,3089,2231,343,58,785,74,66,89,50,1337,B,2022
"Smt. Kashibai Navale College of Engineering, Nanded 34",University of Mumbai,Raigad,5940,3735,2205,321,52,823,77,70,88,48,1464,B,2023
"Smt. Kashibai Navale College of Engineering, Nanded 34",University of Mumbai,Raigad,6000,4071,1929,332,58,867,73,68,87,48,1500,B,2024
"Smt. Kashibai Navale College of Engineering, Nanded 34",University of Mumbai,Raigad,6000,3655,2345,331,61,845,78,69,88,51,1500,B,2025
"Government College of Engineering, Lonavala",Shivaji University,Satara,3585,2166,1419,199,96,222,95,77,70,92,507,A,2022
"Government College of Engineering, Lonavala",Shivaji University,Satara,3633,2087,1546,217,93,232,95,79,72,90,518,A,2023
"Government College of Engineering, Lonavala",Shivaji University,Satara,4204,2857,1347,218,94,231,99,79,73,92,576,A,2024
"Government College of Engineering, Lonavala",Shivaji University,Satara,3955,2472,1483,203,91,233,97,77,73,95,599,A,2025
"Sandip Foundation College of Engineering, Karad",SNDT Women's University,Latur,2782,1414,1368,122,90,621,70,83,56,58,338,B+,2022
"Sandip Foundation College of Engineering, Karad",SNDT Women's University,Latur,2960,1265,1695,108,89,559,71,84,56,63,358,B+,2023
"Sandip Foundation College of Engineering, Karad",SNDT Women's University,Latur,3114,1580,1534,111,86,575,71,85,57,58,393,B+,2024
"Sandip Foundation College of Engineering, Karad",SNDT Women's University,Latur,2962,1961,1001,113,88,543,71,83,56,63,413,B+,2025
"Ramrao Adik Institute of Technology, Amravati 72",Rashtrasant Tukadoji Maharaj Nagpur University,Bhandara,2970,1927,1043,148,62,344,77,91,99,42,759,A+,2022
"Ramrao Adik Institute of Technology, Amravati 72",Rashtrasant Tukadoji Maharaj Nagpur University,Bhandara,3014,1486,1528,155,57,348,82,93,100,43,864,A+,2023
"Ramrao Adik Institute of Technology, Amravati 72",Rashtrasant Tukadoji Maharaj Nagpur University,Bhandara,3368,2284,1084,132,65,323,80,93,100,42,915,A+,2024
"Ramrao Adik Institute of Technology, Amravati 72",Rashtrasant Tukadoji Maharaj Nagpur University,Bhandara,3700,1676,2024,152,60,363,80,92,99,45,919,A+,2025
"Smt. Kashibai Navale College of Engineering, Baramati",University of Mumbai,Palghar,3890,2360,1530,173,75,315,84,96,69,54,186,A++,2022
"Smt. Kashibai Navale College of Engineering, Baramati",University of Mumbai,Palghar,4090,1934,2156,159,81,297,84,98,71,55,210,A++,2023
"Smt. Kashibai Navale College of Engineering, Baramati",University of Mumbai,Palghar,4218,2379,1839,178,77,298,84,100,69,51,208,A++,2024
"Smt. Kashibai Navale College of Engineering, Baramati",University of Mumbai,Palghar,4778,2869,1909,158,81,330,85,98,68,49,236,A++,2025
"K.J. Somaiya College of Engineering, Aurangabad 44",SNDT Women's University,Amravati,2826,1411,1415,116,59,544,89,85,89,19,659,A+,2022
"K.J. Somaiya College of Engineering, Aurangabad 44",SNDT Women's University,Amravati,2903,1924,979,128,57,593,92,87,89,22,719,A+,2023
"K.J. Somaiya College of Engineering, Aurangabad 44",SNDT Women's University,Amravati,3254,2013,1241,114,58,579,94,85,92,20,728,A+,2024
"K.J. Somaiya College of Engineering, Aurangabad 44",SNDT Women's University,Amravati,3466,1955,1511,116,57,598,93,86,89,24,819,A+,2025
"Smt. Kashibai Navale College of Engineering, Mumbai",Shivaji University,Solapur,1775,776,999,91,54,266,64,73,89,52,1267,A+,2022
"Smt. Kashibai Navale College of Engineering, Mumbai",Shivaji University,Solapur,1917,1293,624,85,60,250,63,73,89,54,1409,A+,2023
"Smt. Kashibai Navale College of Engineering, Mumbai",Shivaji University,Solapur,2004,847,1157,93,54,250,68,74,91,55,1451,A+,2024
"Smt. Kashibai Navale College of Engineering, Mumbai",Shivaji University,Solapur,2016,881,1135,86,56,238,66,73,90,54,1500,A+,2025
"Atharva College of Engineering, Sangli",SNDT Women's University,Latur,765,363,402,39,92,94,60,87,98,67,455,A++,2022
"Atharva College of Engineering, Sangli",SNDT Women's University,Latur,788,334,454,40,93,86,61,83,98,68,476,A++,2023
"Atharva College of Engineering, Sangli",SNDT Women's University,Latur,825,488,337,41,95,96,62,87,100,68,510,A++,2024
"Atharva College of Engineering, Sangli",SNDT Women's University,Latur,896,582,314,40,90,87,61,86,98,70,537,A++,2025
"Government College of Engineering, Wadala",Dr. Babasaheb Ambedkar Technological University,Chandrapur,2994,1607,1387,183,53,361,100,82,62,10,173,A+,2022
"Government College of Engineering, Wadala",Dr. Babasaheb Ambedkar Technological University,Chandrapur,3143,2059,1084,205,51,389,95,86,60,6,189,A+,2023
"Government College of Engineering, Wadala",Dr. Babasaheb Ambedkar Technological University,Chandrapur,3228,2174,1054,210,57,381,98,83,60,6,200,A+,2024
"Government College of Engineering, Wadala",Dr. Babasaheb Ambedkar Technological University,Chandrapur,3559,1540,2019,197,53,356,96,82,59,5,203,A+,2025
"Shri Guru Gobind Singhji Institute of Engineering, Latur",SNDT Women's University,Nanded,1426,599,827,84,80,172,72,76,74,0,535,B++,2022
"Shri Guru Gobind Singhji Institute of Engineering, Latur",SNDT Women's University,Nanded,1549,904,645,93,81,191,74,76,77,0,527,B++,2023
"Shri Guru Gobind Singhji Institute of Engineering, Latur",SNDT Women's University,Nanded,1548,769,779,89,75,169,75,74,76,1,598,B++,2024
"Shri Guru Gobind Singhji Institute of Engineering, Latur",SNDT Women's University,Nanded,1739,768,971,91,75,187,73,76,75,0,609,B++,2025
"Walchand College of Engineering, Akola 28",Dr. Babasaheb Ambedkar Technological University,Chandrapur,4228,2855,1373,305,65,717,60,87,92,35,1114,B+,2022
"Walchand College of Engineering, Akola 28",Dr. Babasaheb Ambedkar Technological University,Chandrapur,4686,1972,2714,330,69,861,64,91,92,32,1204,B+,2023
"Walchand College of Engineering, Akola 28",Dr. Babasaheb Ambedkar Technological University,Chandrapur,4631,3032,1599,292,72,865,65,90,92,31,1183,B+,2024
"Walchand College of Engineering, Akola 28",Dr. Babasaheb Ambedkar Technological University,Chandrapur,4641,2730,1911,335,71,849,66,87,90,31,1231,B+,2025
"Maharashtra Institute of Technology, Wadala",Dr. Babasaheb Ambedkar Technological University,Osmanabad,1326,668,658,75,69,107,76,93,93,18,485,A++,2022
"Maharashtra Institute of Technology, Wadala",Dr. Babasaheb Ambedkar Technological University,Osmanabad,1442,766,676,77,70,103,76,97,96,17,502,A++,2023
"Maharashtra Institute of Technology, Wadala",Dr. Babasaheb Ambedkar Technological University,Osmanabad,1469,622,847,73,73,103,78,97,93,19,541,A++,2024
"Maharashtra Institute of Technology, Wadala",Dr. Babasaheb Ambedkar Technological University,Osmanabad,1586,930,656,80,69,99,77,97,96,17,562,A++,2025
"Terna Engineering College, Wadala",Shivaji University,Satara,5609,3186,2423,350,74,588,96,72,75,10,1020,B++,2022
"Terna Engineering College, Wadala",Shivaji University,Satara,5968,3692,2276,342,83,575,100,72,78,10,1099,B++,2023
"Terna Engineering College, Wadala",Shivaji University,Satara,5739,3685,2054,350,81,616,96,74,77,12,1192,B++,2024
"Terna Engineering College, Wadala",Shivaji University,Satara,6000,2703,3297,349,81,590,100,72,78,12,1243,B++,2025
"D.Y. Patil Institute of Engineering, Chandrapur",Dr. Babasaheb Ambedkar Technological University,Aurangabad,4281,1881,2400,174,71,753,75,77,54,68,1016,A,2022
"D.Y. Patil Institute of Engineering, Chandrapur",Dr. Babasaheb Ambedkar Technological University,Aurangabad,4486,2048,2438,185,69,812,75,76,51,73,1111,A,2023
"D.Y. Patil Institute of Engineering, Chandrapur",Dr. Babasaheb Ambedkar Technological University,Aurangabad,5165,3356,1809,179,70,773,77,73,53,72,1131,A,2024
"D.Y. Patil Institute of Engineering, Chandrapur",Dr. Babasaheb Ambedkar Technological University,Aurangabad,5110,3255,1855,167,74,750,83,77,52,68,1281,A,2025
"Bharti Vidyapeeth College of Engineering, Bandra 43",Shivaji University,Kolhapur,549,349,200,26,48,125,88,72,57,97,1083,A++,2022
"Bharti Vidyapeeth College of Engineering, Bandra 43",Shivaji University,Kolhapur,609,320,289,27,56,107,94,73,56,100,1159,A++,2023
"Bharti Vidyapeeth College of Engineering, Bandra 43",Shivaji University,Kolhapur,651,358,293,27,55,123,95,74,54,96,1135,A++,2024
"Bharti Vidyapeeth College of Engineering, Bandra 43",Shivaji University,Kolhapur,647,430,217,27,53,107,92,75,55,96,1203,A++,2025
"Rajarambapu Institute of Technology, Akola 33",University of Mumbai,Raigad,3874,2019,1855,162,64,362,60,69,62,6,642,A+,2022
"Rajarambapu Institute of Technology, Akola 33",University of Mumbai,Raigad,4221,1837,2384,142,65,440,64,70,63,8,653,A+,2023
"Rajarambapu Institute of Technology, Akola 33",University of Mumbai,Raigad,4486,1984,2502,144,62,421,61,71,61,8,751,A+,2024
"Rajarambapu Institute of Technology, Akola 33",University of Mumbai,Raigad,4502,2851,1651,143,62,364,62,72,62,7,717,A+,2025
"Maharashtra Institute of Technology, Pune 85",University of Mumbai,Raigad,3053,1485,1568,185,70,728,78,70,74,45,426,A+,2022
"Maharashtra Institute of Technology, Pune 85",University of Mumbai,Raigad,3195,1458,1737,181,77,665,78,72,73,46,478,A+,2023
"Maharashtra Institute of Technology, Pune 85",University of Mumbai,Raigad,3196,1836,1360,173,78,713,78,68,73,43,475,A+,2024
"Maharashtra Institute of Technology, Pune 85",University of Mumbai,Raigad,3330,1864,1466,171,73,614,78,68,73,42,539,A+,2025
"D.Y. Patil Institute of Engineering, Sangli",SNDT Women's University,Akola,4121,2162,1959,183,83,880,69,71,59,89,197,B++,2022
"D.Y. Patil Institute of Engineering, Sangli",SNDT Women's University,Akola,4401,2791,1610,173,85,871,67,73,59,90,213,B++,2023
"D.Y. Patil Institute of Engineering, Sangli",SNDT Women's University,Akola,4635,2486,2149,180,87,972,70,72,58,90,223,B++,2024
"D.Y. Patil Institute of Engineering, Sangli",SNDT Women's University,Akola,4526,2842,1684,174,89,869,70,74,57,88,236,B++,2025
"Sinhgad Institute of Technology, Nashik",Shivaji University,Sindhudurg,4724,2529,2195,216,52,777,82,68,94,92,325,B++,2022
"Sinhgad Institute of Technology, Nashik",Shivaji University,Sindhudurg,5243,2419,2824,227,53,808,83,66,94,90,342,B++,2023
"Sinhgad Institute of Technology, Nashik",Shivaji University,Sindhudurg,5343,2673,2670,207,55,855,80,65,92,93,393,B++,2024
"Sinhgad Institute of Technology, Nashik",Shivaji University,Sindhudurg,5840,2596,3244,242,55,737,87,66,95,95,398,B++,2025
"Atharva College of Engineering, Thane",Shivaji University,Solapur,2874,1339,1535,257,90,445,95,78,93,46,1098,B,2022
"Atharva College of Engineering, Thane",Shivaji University,Solapur,2910,1933,977,259,85,460,98,78,92,43,1179,B,2023
"Atharva College of Engineering, Thane",Shivaji University,Solapur,3240,2119,1121,246,86,385,100,80,91,40,1183,B,2024
"Atharva College of Engineering, Thane",Shivaji University,Solapur,3219,2074,1145,269,92,466,100,81,93,43,1301,B,2025
"Dwarkadas J. Sanghvi College of Engineering, Bandra 13",Dr. Babasaheb Ambedkar Technological University,Amravati,3096,1326,1770,141,89,353,95,67,50,82,388,B++,2022
"Dwarkadas J. Sanghvi College of Engineering, Bandra 13",Dr. Babasaheb Ambedkar Technological University,Amravati,3081,1577,1504,152,88,395,93,66,50,79,430,B++,2023
"Dwarkadas J. Sanghvi College of Engineering, Bandra 13",Dr. Babasaheb Ambedkar Technological University,Amravati,3313,1975,1338,140,88,404,93,67,50,79,426,B++,2024
"Dwarkadas J. Sanghvi College of Engineering, Bandra 13",Dr. Babasaheb Ambedkar Technological University,Amravati,3390,1451,1939,140,85,384,99,68,50,79,465,B++,2025
"Dwarkadas J. Sanghvi College of Engineering, Kalyan 22",Savitribai Phule Pune University,Pune,2907,1908,999,211,63,196,75,88,76,29,243,B++,2022
"Dwarkadas J. Sanghvi College of Engineering, Kalyan 22",Savitribai Phule Pune University,Pune,2952,1526,1426,199,61,166,74,87,74,27,252,B++,2023
"Dwarkadas J. Sanghvi College of Engineering, Kalyan 22",Savitribai Phule Pune University,Pune,3183,2115,1068,181,60,179,75,91,74,27,272,B++,2024
"Dwarkadas J. Sanghvi College of Engineering, Kalyan 22",Savitribai Phule Pune University,Pune,3439,1871,1568,182,64,201,77,89,75,32,301,B++,2025
"Fr. Conceicao Rodrigues College of Engineering, Thane 58",Savitribai Phule Pune University,Pune,3735,1756,1979,257,76,746,60,70,74,49,156,B++,2022
"Fr. Conceicao Rodrigues College of Engineering, Thane 58",Savitribai Phule Pune University,Pune,4019,2480,1539,257,78,709,60,70,76,55,161,B++,2023
"Fr. Conceicao Rodrigues College of Engineering, Thane 58",Savitribai Phule Pune University,Pune,4241,2867,1374,236,76,793,60,71,74,52,180,B++,2024
"Fr. Conceicao Rodrigues College of Engineering, Thane 58",Savitribai Phule Pune University,Pune,4269,1860,2409,231,77,693,61,71,76,55,180,B++,2025
"Vivekanand Education Society's Institute of Technology, Karad",Savitribai Phule Pune University,Pune,4909,3066,1843,252,79,865,86,86,73,3,514,B+,2022
"Vivekanand Education Society's Institute of Technology, Karad",Savitribai Phule Pune University,Pune,5659,3194,2465,246,78,769,87,84,72,6,537,B+,2023
"Vivekanand Education Society's Institute of Technology, Karad",Savitribai Phule Pune University,Pune,5495,2502,2993,267,79,875,89,87,74,9,601,B+,2024
"Vivekanand Education Society's Institute of Technology, Karad",Savitribai Phule Pune University,Pune,6000,3752,2248,251,81,868,94,85,72,4,618,B+,2025
"Fr. Conceicao Rodrigues College of Engineering, Nanded",University of Mumbai,Palghar,4057,2150,1907,176,64,710,70,70,100,86,518,B+,2022
"Fr. Conceicao Rodrigues College of Engineering, Nanded",University of Mumbai,Palghar,4103,1732,2371,191,72,731,68,70,97,83,539,B+,2023
"Fr. Conceicao Rodrigues College of Engineering, Nanded",University of Mumbai,Palghar,4443,1894,2549,188,66,812,65,69,99,87,553,B+,2024
"Fr. Conceicao Rodrigues College of Engineering, Nanded",University of Mumbai,Palghar,4812,2710,2102,176,73,781,67,69,98,81,597,B+,2025
"Smt. Kashibai Navale College of Engineering, Chandrapur",SNDT Women's University,Nanded,1305,814,491,107,58,191,88,71,65,78,444,B,2022
"Smt. Kashibai Navale College of Engineering, Chandrapur",SNDT Women's University,Nanded,1275,680,595,107,57,184,83,73,67,79,500,B,2023
"Smt. Kashibai Navale College of Engineering, Chandrapur",SNDT Women's University,Nanded,1428,774,654,110,54,178,88,69,65,81,548,B,2024
"Smt. Kashibai Navale College of Engineering, Chandrapur",SNDT Women's University,Nanded,1435,690,745,107,57,167,88,73,66,79,579,B,2025
"Bharti Vidyapeeth College of Engineering, Nashik 51",SNDT Women's University,Aurangabad,3001,1394,1607,238,72,206,96,70,98,58,921,A+,2022
"Bharti Vidyapeeth College of Engineering, Nashik 51",SNDT Women's University,Aurangabad,3242,1763,1479,219,70,190,98,72,99,59,1053,A+,2023
"Bharti Vidyapeeth College of Engineering, Nashik 51",SNDT Women's University,Aurangabad,3521,1602,1919,254,69,179,97,72,100,56,1094,A+,2024
"Bharti Vidyapeeth College of Engineering, Nashik 51",SNDT Women's University,Aurangabad,3602,2378,1224,251,71,172,98,74,99,59,1068,A+,2025
"Sandip Foundation College of Engineering, Baramati 18",North Maharashtra University,Nandurbar,500,291,209,23,45,79,84,95,82,97,434,B++,2022
"Sandip Foundation College of Engineering, Baramati 18",North Maharashtra University,Nandurbar,500,267,233,25,47,80,84,94,83,100,438,B++,2023
"Sandip Foundation College of Engineering, Baramati 18",North Maharashtra University,Nandurbar,571,352,219,26,52,74,85,96,83,99,463,B++,2024
"Sandip Foundation College of Engineering, Baramati 18",North Maharashtra University,Nandurbar,586,371,215,25,50,83,89,96,84,98,501,B++,2025
"Terna Engineering College, Baramati",Dr. Babasaheb Ambedkar Technological University,Osmanabad,3404,1970,1434,155,80,760,94,88,75,77,564,A++,2022
"Terna Engineering College, Baramati",Dr. Babasaheb Ambedkar Technological University,Osmanabad,3677,2479,1198,151,84,716,93,87,76,78,607,A++,2023
"Terna Engineering College, Baramati",Dr. Babasaheb Ambedkar Technological University,Osmanabad,3760,1695,2065,170,85,696,95,91,77,74,639,A++,2024
"Terna Engineering College, Baramati",Dr. Babasaheb Ambedkar Technological University,Osmanabad,3874,1779,2095,152,85,798,94,90,75,78,630,A++,2025
"Sardar Patel College of Engineering, Sangli 38",Dr. Babasaheb Ambedkar Technological University,Akola,3541,2301,1240,192,94,568,95,86,94,94,1105,A+,2022
"Sardar Patel College of Engineering, Sangli 38",Dr. Babasaheb Ambedkar Technological University,Akola,3723,1711,2012,181,95,517,92,85,96,97,1234,A+,2023
"Sardar Patel College of Engineering, Sangli 38",Dr. Babasaheb Ambedkar Technological University,Akola,3844,2270,1574,177,96,520,94,85,95,96,1240,A+,2024
"Sardar Patel College of Engineering, Sangli 38",Dr. Babasaheb Ambedkar Technological University,Akola,4107,1734,2373,183,97,496,95,84,95,94,1293,A+,2025
"Smt. Kashibai Navale College of Engineering, Solapur",University of Mumbai,Palghar,2737,1233,1504,120,86,197,74,98,84,91,1308,B,2022
"Smt. Kashibai Navale College of Engineering, Solapur",University of Mumbai,Palghar,2920,1647,1273,121,87,191,72,99,83,89,1402,B,2023
"Smt. Kashibai Navale College of Engineering, Solapur",University of Mumbai,Palghar,3092,1776,1316,128,87,217,72,96,84,90,1426,B,2024
"Smt. Kashibai Navale College of Engineering, Solapur",University of Mumbai,Palghar,3210,1418,1792,127,93,198,71,99,85,91,1493,B,2025
"Vishwakarma Institute of Technology, Bandra",Savitribai Phule Pune University,Ahmednagar,3950,2650,1300,223,90,828,92,83,76,0,1073,B+,2022
"Vishwakarma Institute of Technology, Bandra",Savitribai Phule Pune University,Ahmednagar,4179,2038,2141,197,84,803,92,81,76,3,1179,B+,2023
"Vishwakarma Institute of Technology, Bandra",Savitribai Phule Pune University,Ahmednagar,4709,2625,2084,203,90,829,94,83,79,4,1245,B+,2024
"Vishwakarma Institute of Technology, Bandra",Savitribai Phule Pune University,Ahmednagar,5003,2834,2169,199,91,801,96,85,78,3,1331,B+,2025
"Sardar Patel College of Engineering, Dhule 37",Rashtrasant Tukadoji Maharaj Nagpur University,Wardha,1617,946,671,70,90,340,73,67,74,60,277,A,2022
"Sardar Patel College of Engineering, Dhule 37",Rashtrasant Tukadoji Maharaj Nagpur University,Wardha,1628,991,637,68,92,339,70,68,72,56,291,A,2023
"Sardar Patel College of Engineering, Dhule 37",Rashtrasant Tukadoji Maharaj Nagpur University,Wardha,1667,823,844,60,87,315,77,69,73,58,305,A,2024
"Sardar Patel College of Engineering, Dhule 37",Rashtrasant Tukadoji Maharaj Nagpur University,Wardha,1780,1099,681,67,93,328,74,69,74,57,331,A,2025
"K.K. Wagh Institute of Engineering Education, Wadala 29",SNDT Women's University,Chandrapur,4290,1927,2363,202,85,458,62,88,74,52,691,A+,2022
"K.K. Wagh Institute of Engineering Education, Wadala 29",SNDT Women's University,Chandrapur,4585,2067,2518,180,87,503,62,87,75,55,725,A+,2023
"K.K. Wagh Institute of Engineering Education, Wadala 29",SNDT Women's University,Chandrapur,4607,2884,1723,179,93,492,63,89,75,51,787,A+,2024
"K.K. Wagh Institute of Engineering Education, Wadala 29",SNDT Women's University,Chandrapur,4721,2678,2043,181,95,437,67,87,73,54,829,A+,2025
"Vivekanand Education Society's Institute of Technology, Mumbai",Shivaji University,Solapur,5239,2875,2364,216,74,1155,81,75,98,91,461,A+,2022
"Vivekanand Education Society's Institute of Technology, Mumbai",Shivaji University,Solapur,5385,3544,1841,216,75,992,82,77,99,92,502,A+,2023
"Vivekanand Education Society's Institute of Technology, Mumbai",Shivaji University,Solapur,5698,3075,2623,206,78,969,84,76,99,95,523,A+,2024
"Vivekanand Education Society's Institute of Technology, Mumbai",Shivaji University,Solapur,6000,2559,3441,215,77,1146,88,76,99,92,543,A+,2025
"Sinhgad Institute of Technology, Akola",North Maharashtra University,Jalgaon,3571,1899,1672,250,63,270,97,79,50,41,995,A++,2022
"Sinhgad Institute of Technology, Akola",North Maharashtra University,Jalgaon,3948,1706,2242,253,63,307,100,82,50,39,1072,A++,2023
"Sinhgad Institute of Technology, Akola",North Maharashtra University,Jalgaon,4026,2370,1656,249,59,262,96,82,50,44,1049,A++,2024
"Sinhgad Institute of Technology, Akola",North Maharashtra University,Jalgaon,4183,2104,2079,249,63,267,96,83,51,40,1229,A++,2025
"Terna Engineering College, Aurangabad",North Maharashtra University,Dhule,5040,2278,2762,350,87,837,81,94,100,71,1156,A,2022
"Terna Engineering College, Aurangabad",North Maharashtra University,Dhule,5064,2387,2677,350,87,867,80,97,100,75,1143,A,2023
"Terna Engineering College, Aurangabad",North Maharashtra University,Dhule,5590,3184,2406,350,90,880,79,95,100,74,1251,A,2024
"Terna Engineering College, Aurangabad",North Maharashtra University,Dhule,6000,3548,2452,333,87,774,79,97,100,75,1368,A,2025
"Pillai College of Engineering, Nagpur 41",Dr. Babasaheb Ambedkar Technological University,Nanded,4532,2614,1918,331,77,356,94,89,56,42,491,A+,2022
"Pillai College of Engineering, Nagpur 41",Dr. Babasaheb Ambedkar Technological University,Nanded,4584,2029,2555,341,74,364,91,88,57,41,540,A+,2023
"Pillai College of Engineering, Nagpur 41",Dr. Babasaheb Ambedkar Technological University,Nanded,4795,2634,2161,350,83,389,98,89,57,41,548,A+,2024
"Pillai College of Engineering, Nagpur 41",Dr. Babasaheb Ambedkar Technological University,Nanded,5091,2344,2747,327,84,346,97,92,55,46,576,A+,2025
"Bharti Vidyapeeth College of Engineering, Wadala",Savitribai Phule Pune University,Ahmednagar,2171,1287,884,88,86,347,98,65,58,88,733,A,2022
"Bharti Vidyapeeth College of Engineering, Wadala",Savitribai Phule Pune University,Ahmednagar,2151,1150,1001,80,83,301,93,65,57,83,820,A,2023
"Bharti Vidyapeeth College of Engineering, Wadala",Savitribai Phule Pune University,Ahmednagar,2337,1367,970,87,86,304,94,65,57,87,868,A,2024
"Bharti Vidyapeeth College of Engineering, Wadala",Savitribai Phule Pune University,Ahmednagar,2606,1522,1084,79,88,313,97,65,58,83,874,A,2025
"Fr. Conceicao Rodrigues College of Engineering, Jalgaon 79",North Maharashtra University,Dhule,2207,1150,1057,95,91,536,82,70,73,33,1065,B+,2022
"Fr. Conceicao Rodrigues College of Engineering, Jalgaon 79",North Maharashtra University,Dhule,2396,1500,896,87,88,450,86,72,74,35,1184,B+,2023
"Fr. Conceicao Rodrigues College of Engineering, Jalgaon 79",North Maharashtra University,Dhule,2488,1123,1365,91,88,451,87,70,74,35,1236,B+,2024
"Fr. Conceicao Rodrigues College of Engineering, Jalgaon 79",North Maharashtra University,Dhule,2637,1146,1491,95,93,472,89,73,75,32,1252,B+,2025
"Ramrao Adik Institute of Technology, Latur",SNDT Women's University,Nanded,4379,2739,1640,225,48,444,69,84,81,9,262,B+,2022
"Ramrao Adik Institute of Technology, Latur",SNDT Women's University,Nanded,4749,2325,2424,226,49,452,71,83,81,11,295,B+,2023
"Ramrao Adik Institute of Technology, Latur",SNDT Women's University,Nanded,4812,2285,2527,236,53,467,76,84,81,10,317,B+,2024
"Ramrao Adik Institute of Technology, Latur",SNDT Women's University,Nanded,5197,2207,2990,230,48,483,71,87,84,7,310,B+,2025
"Sandip Foundation College of Engineering, Lonavala 88",Dr. Babasaheb Ambedkar Technological University,Amravati,4576,2099,2477,180,91,903,67,75,53,58,714,A+,2022
"Sandip Foundation College of Engineering, Lonavala 88",Dr. Babasaheb Ambedkar Technological University,Amravati,4830,2538,2292,196,97,886,61,73,53,58,789,A+,2023
"Sandip Foundation College of Engineering, Lonavala 88",Dr. Babasaheb Ambedkar Technological University,Amravati,4844,3039,1805,209,92,825,67,75,50,58,850,A+,2024
"Sandip Foundation College of Engineering, Lonavala 88",Dr. Babasaheb Ambedkar Technological University,Amravati,5382,3609,1773,195,98,917,66,74,51,61,871,A+,2025
"Maharashtra Institute of Technology, Nagpur",University of Mumbai,Thane,4546,2655,1891,350,59,976,87,87,80,79,836,A,2022
"Maharashtra Institute of Technology, Nagpur",University of Mumbai,Thane,4680,2589,2091,350,61,971,83,88,77,78,873,A,2023
"Maharashtra Institute of Technology, Nagpur",University of Mumbai,Thane,4910,3137,1773,350,64,1101,86,89,80,83,1009,A,2024
"Maharashtra Institute of Technology, Nagpur",University of Mumbai,Thane,5411,3272,2139,322,64,1135,88,90,79,79,1026,A,2025
"Atharva College of Engineering, Nanded",Rashtrasant Tukadoji Maharaj Nagpur University,Wardha,4593,2521,2072,338,94,771,96,65,96,12,743,A++,2022
"Atharva College of Engineering, Nanded",Rashtrasant Tukadoji Maharaj Nagpur University,Wardha,4925,2614,2311,350,92,811,94,65,96,7,801,A++,2023
"Atharva College of Engineering, Nanded",Rashtrasant Tukadoji Maharaj Nagpur University,Wardha,5095,2762,2333,324,95,828,99,68,94,9,858,A++,2024
"Atharva College of Engineering, Nanded",Rashtrasant Tukadoji Maharaj Nagpur University,Wardha,4956,2899,2057,350,92,767,99,66,95,7,862,A++,2025
"Dwarkadas J. Sanghvi College of Engineering, Nashik",Rashtrasant Tukadoji Maharaj Nagpur University,Wardha,4974,2691,2283,322,94,1099,82,92,92,3,972,A,2022
"Dwarkadas J. Sanghvi College of Engineering, Nashik",Rashtrasant Tukadoji Maharaj Nagpur University,Wardha,5143,2560,2583,350,95,1159,85,92,93,4,1034,A,2023
"Dwarkadas J. Sanghvi College of Engineering, Nashik",Rashtrasant Tukadoji Maharaj Nagpur University,Wardha,5854,3088,2766,346,95,1200,88,90,93,5,1076,A,2024
"Dwarkadas J. Sanghvi College of Engineering, Nashik",Rashtrasant Tukadoji Maharaj Nagpur University,Wardha,6000,3745,2255,350,96,1159,86,92,92,6,1193,A,2025
"Sinhgad Institute of Technology, Karad",SNDT Women's University,Chandrapur,2760,1837,923,101,57,280,84,65,87,70,342,B+,2022
"Sinhgad Institute of Technology, Karad",SNDT Women's University,Chandrapur,2904,1851,1053,109,53,272,80,67,86,72,377,B+,2023
"Sinhgad Institute of Technology, Karad",SNDT Women's University,Chandrapur,3011,1638,1373,113,60,301,85,67,86,68,392,B+,2024
"Sinhgad Institute of Technology, Karad",SNDT Women's University,Chandrapur,2958,1248,1710,112,60,271,87,65,84,74,426,B+,2025
"D.Y. Patil Institute of Engineering, Mumbai",University of Mumbai,Palghar,4328,2185,2143,251,54,482,81,79,77,81,1049,B++,2022
"D.Y. Patil Institute of Engineering, Mumbai",University of Mumbai,Palghar,4794,3084,1710,221,50,449,81,78,78,85,1101,B++,2023
"D.Y. Patil Institute of Engineering, Mumbai",University of Mumbai,Palghar,5250,2407,2843,240,48,530,81,78,75,80,1230,B++,2024
"D.Y. Patil Institute of Engineering, Mumbai",University of Mumbai,Palghar,5039,3248,1791,229,55,534,85,80,78,80,1236,B++,2025
"K.J. Somaiya College of Engineering, Kolhapur",University of Mumbai,Palghar,1896,1130,766,150,83,392,63,92,91,67,223,A,2022
"K.J. Somaiya College of Engineering, Kolhapur",University of Mumbai,Palghar,1999,994,1005,145,89,379,61,92,90,68,253,A,2023
"K.J. Somaiya College of Engineering, Kolhapur",University of Mumbai,Palghar,2145,927,1218,143,87,363,64,93,91,67,268,A,2024
"K.J. Somaiya College of Engineering, Kolhapur",University of Mumbai,Palghar,2148,1157,991,143,92,365,62,92,92,68,279,A,2025
"D.Y. Patil Institute of Engineering, Solapur 63",North Maharashtra University,Nandurbar,3209,1694,1515,252,88,324,79,67,61,41,1024,A,2022
"D.Y. Patil Institute of Engineering, Solapur 63",North Maharashtra University,Nandurbar,3489,2056,1433,251,85,311,77,70,61,38,1108,A,2023
"D.Y. Patil Institute of Engineering, Solapur 63",North Maharashtra University,Nandurbar,3556,2091,1465,261,91,330,76,70,63,38,1200,A,2024
"D.Y. Patil Institute of Engineering, Solapur 63",North Maharashtra University,Nandurbar,3569,2279,1290,225,88,309,83,69,61,38,1152,A,2025
"Sanjay Ghodawat Institute, Baramati",Shivaji University,Sangli,1739,1157,582,153,61,323,90,82,73,15,1333,B++,2022
"Sanjay Ghodawat Institute, Baramati",Shivaji University,Sangli,1828,840,988,162,57,319,85,82,75,18,1500,B++,2023
"Sanjay Ghodawat Institute, Baramati",Shivaji University,Sangli,1854,1201,653,148,61,324,88,83,75,14,1500,B++,2024
"Sanjay Ghodawat Institute, Baramati",Shivaji University,Sangli,1913,1251,662,162,64,374,86,83,75,15,1500,B++,2025
"Ramrao Adik Institute of Technology, Nanded 60",SNDT Women's University,Akola,4169,2127,2042,225,55,774,62,81,59,70,454,A,2022
"Ramrao Adik Institute of Technology, Nanded 60",SNDT Women's University,Akola,4155,2762,1393,203,56,750,66,82,60,66,477,A,2023
"Ramrao Adik Institute of Technology, Nanded 60",SNDT Women's University,Akola,4426,2683,1743,230,56,651,67,82,60,65,547,A,2024
"Ramrao Adik Institute of Technology, Nanded 60",SNDT Women's University,Akola,4991,3146,1845,225,55,658,69,81,58,70,573,A,2025
"Sardar Patel College of Engineering, Akola 10",Dr. Babasaheb Ambedkar Technological University,Chandrapur,4204,2728,1476,195,84,747,96,80,54,72,591,A++,2022
"Sardar Patel College of Engineering, Akola 10",Dr. Babasaheb Ambedkar Technological University,Chandrapur,4328,2850,1478,214,86,665,96,79,51,71,635,A++,2023
"Sardar Patel College of Engineering, Akola 10",Dr. Babasaheb Ambedkar Technological University,Chandrapur,4803,3094,1709,224,80,674,100,80,52,71,684,A++,2024
"Sardar Patel College of Engineering, Akola 10",Dr. Babasaheb Ambedkar Technological University,Chandrapur,4941,3088,1853,208,83,667,100,76,52,68,680,A++,2025
"K.J. Somaiya College of Engineering, Ratnagiri",SNDT Women's University,Parbhani,3803,2542,1261,224,51,493,95,67,93,32,1218,A+,2022
"K.J. Somaiya College of Engineering, Ratnagiri",SNDT Women's University,Parbhani,4179,2558,1621,230,54,479,90,66,91,33,1285,A+,2023
"K.J. Somaiya College of Engineering, Ratnagiri",SNDT Women's University,Parbhani,4200,1857,2343,199,56,500,94,65,92,32,1384,A+,2024
"K.J. Somaiya College of Engineering, Ratnagiri",SNDT Women's University,Parbhani,4720,2492,2228,229,49,522,91,66,91,33,1500,A+,2025
"Sandip Foundation College of Engineering, Kolhapur 18",Dr. Babasaheb Ambedkar Technological University,Akola,4642,1993,2649,192,86,1038,68,93,73,7,495,A+,2022
"Sandip Foundation College of Engineering, Kolhapur 18",Dr. Babasaheb Ambedkar Technological University,Akola,5035,3077,1958,201,85,1016,67,94,72,5,557,A+,2023
"Sandip Foundation College of Engineering, Kolhapur 18",Dr. Babasaheb Ambedkar Technological University,Akola,5394,2615,2779,190,87,949,69,95,72,3,544,A+,2024
"Sandip Foundation College of Engineering, Kolhapur 18",Dr. Babasaheb Ambedkar Technological University,Akola,5265,3140,2125,194,90,1036,73,96,72,3,621,A+,2025
"Thadomal Shahani Engineering College, Jalgaon",Savitribai Phule Pune University,Ahmednagar,748,419,329,35,78,165,83,87,81,59,183,A+,2022
"Thadomal Shahani Engineering College, Jalgaon",Savitribai Phule Pune University,Ahmednagar,824,474,350,39,75,165,80,88,79,61,188,A+,2023
"Thadomal Shahani Engineering College, Jalgaon",Savitribai Phule Pune University,Ahmednagar,885,547,338,38,77,176,87,89,80,61,206,A+,2024
"Thadomal Shahani Engineering College, Jalgaon",Savitribai Phule Pune University,Ahmednagar,909,529,380,39,83,170,87,88,80,59,221,A+,2025
"Maharashtra Institute of Technology, Lonavala",SNDT Women's University,Yavatmal,2426,1187,1239,123,84,209,87,87,87,82,238,B,2022
"Maharashtra Institute of Technology, Lonavala",SNDT Women's University,Yavatmal,2449,1079,1370,122,86,193,87,90,87,80,256,B,2023
"Maharashtra Institute of Technology, Lonavala",SNDT Women's University,Yavatmal,2733,1806,927,117,83,194,84,89,87,80,258,B,2024
"Maharashtra Institute of Technology, Lonavala",SNDT Women's University,Yavatmal,2775,1712,1063,127,86,199,84,89,87,85,281,B,2025
"Dwarkadas J. Sanghvi College of Engineering, Amravati",North Maharashtra University,Dhule,4475,2720,1755,261,65,569,90,65,83,19,898,A+,2022
"Dwarkadas J. Sanghvi College of Engineering, Amravati",North Maharashtra University,Dhule,4594,2701,1893,257,65,588,92,65,82,19,980,A+,2023
"Dwarkadas J. Sanghvi College of Engineering, Amravati",North Maharashtra University,Dhule,5024,2167,2857,258,68,652,89,65,81,15,1079,A+,2024
"Dwarkadas J. Sanghvi College of Engineering, Amravati",North Maharashtra University,Dhule,4792,3045,1747,266,71,658,93,65,83,18,1051,A+,2025
"Sinhgad Institute of Technology, Jalgaon",University of Mumbai,Raigad,2041,1078,963,153,57,238,64,77,75,43,299,A,2022
"Sinhgad Institute of Technology, Jalgaon",University of Mumbai,Raigad,2177,947,1230,149,56,261,70,77,75,45,320,A,2023
"Sinhgad Institute of Technology, Jalgaon",University of Mumbai,Raigad,2295,1263,1032,164,60,255,68,78,77,43,338,A,2024
"Sinhgad Institute of Technology, Jalgaon",University of Mumbai,Raigad,2462,1282,1180,151,60,261,72,77,78,44,347,A,2025
"Thadomal Shahani Engineering College, Wadala",Dr. Babasaheb Ambedkar Technological University,Aurangabad,3493,1630,1863,317,49,294,95,73,58,78,1012,B,2022
"Thadomal Shahani Engineering College, Wadala",Dr. Babasaheb Ambedkar Technological University,Aurangabad,3823,1650,2173,295,48,278,100,73,59,82,1120,B,2023
"Thadomal Shahani Engineering College, Wadala",Dr. Babasaheb Ambedkar Technological University,Aurangabad,3948,2561,1387,325,46,254,100,77,60,78,1236,B,2024
"Thadomal Shahani Engineering College, Wadala",Dr. Babasaheb Ambedkar Technological University,Aurangabad,4085,2362,1723,335,50,281,100,73,58,81,1295,B,2025
"Sinhgad Institute of Technology, Amravati 67",North Maharashtra University,Nandurbar,4807,2705,2102,182,87,282,75,69,62,54,1181,B++,2022
"Sinhgad Institute of Technology, Amravati 67",North Maharashtra University,Nandurbar,5482,3368,2114,197,85,289,76,68,62,56,1327,B++,2023
"Sinhgad Institute of Technology, Amravati 67",North Maharashtra University,Nandurbar,5404,2521,2883,187,91,309,80,68,64,58,1423,B++,2024
"Sinhgad Institute of Technology, Amravati 67",North Maharashtra University,Nandurbar,6000,3834,2166,199,84,261,80,72,65,55,1500,B++,2025
"Sanjay Ghodawat Institute, Wardha 80",Rashtrasant Tukadoji Maharaj Nagpur University,Wardha,2507,1661,846,191,86,307,87,71,66,50,831,B+,2022
"Sanjay Ghodawat Institute, Wardha 80",Rashtrasant Tukadoji Maharaj Nagpur University,Wardha,2708,1288,1420,180,86,288,91,67,66,46,859,B+,2023
"Sanjay Ghodawat Institute, Wardha 80",Rashtrasant Tukadoji Maharaj Nagpur University,Wardha,2592,1381,1211,175,87,259,87,68,64,50,923,B+,2024
"Sanjay Ghodawat Institute, Wardha 80",Rashtrasant Tukadoji Maharaj Nagpur University,Wardha,2724,1781,943,187,89,264,92,71,64,47,1027,B+,2025
"K.J. Somaiya College of Engineering, Nashik",SNDT Women's University,Nanded,5006,2883,2123,350,79,1103,100,65,100,68,1033,A+,2022
"K.J. Somaiya College of Engineering, Nashik",SNDT Women's University,Nanded,5075,2188,2887,350,77,1181,96,65,99,71,1119,A+,2023
"K.J. Somaiya College of Engineering, Nashik",SNDT Women's University,Nanded,5416,3359,2057,350,80,1132,99,65,100,69,1198,A+,2024
"K.J. Somaiya College of Engineering, Nashik",SNDT Women's University,Nanded,5729,3290,2439,350,82,1140,100,67,100,70,1242,A+,2025
"K.J. Somaiya College of Engineering, Shirur",University of Mumbai,Mumbai,5461,2317,3144,317,69,683,62,98,79,30,985,B,2022
"K.J. Somaiya College of Engineering, Shirur",University of Mumbai,Mumbai,5451,3522,1929,310,69,609,62,97,78,30,1062,B,2023
"K.J. Somaiya College of Engineering, Shirur",University of Mumbai,Mumbai,5980,3992,1988,299,72,670,65,99,76,32,1121,B,2024
"K.J. Somaiya College of Engineering, Shirur",University of Mumbai,Mumbai,6000,2732,3268,324,70,649,66,99,77,32,1213,B,2025
"Ramrao Adik Institute of Technology, Dhule 74",Rashtrasant Tukadoji Maharaj Nagpur University,Nagpur,1458,987,471,95,97,144,65,84,87,70,823,B++,2022
"Ramrao Adik Institute of Technology, Dhule 74",Rashtrasant Tukadoji Maharaj Nagpur University,Nagpur,1593,858,735,101,98,135,64,85,89,69,894,B++,2023
"Ramrao Adik Institute of Technology, Dhule 74",Rashtrasant Tukadoji Maharaj Nagpur University,Nagpur,1714,806,908,100,100,151,63,84,90,67,948,B++,2024
"Ramrao Adik Institute of Technology, Dhule 74",Rashtrasant Tukadoji Maharaj Nagpur University,Nagpur,1698,1129,569,96,99,148,68,85,87,69,1002,B++,2025
"Sardar Patel College of Engineering, Solapur",Dr. Babasaheb Ambedkar Technological University,Chandrapur,4429,1892,2537,332,45,574,71,87,78,43,287,B+,2022
"Sardar Patel College of Engineering, Solapur",Dr. Babasaheb Ambedkar Technological University,Chandrapur,4479,2854,1625,350,45,531,73,83,78,46,304,B+,2023
"Sardar Patel College of Engineering, Solapur",Dr. Babasaheb Ambedkar Technological University,Chandrapur,4934,2150,2784,350,45,518,77,85,77,47,315,B+,2024
"Sardar Patel College of Engineering, Solapur",Dr. Babasaheb Ambedkar Technological University,Chandrapur,4928,2782,2146,346,52,509,77,83,77,46,341,B+,2025
"K.J. Somaiya College of Engineering, Satara",Shivaji University,Solapur,4622,2603,2019,264,71,717,88,76,77,70,1177,A,2022
"K.J. Somaiya College of Engineering, Satara",Shivaji University,Solapur,4615,2117,2498,279,70,815,82,76,76,67,1232,A,2023
"K.J. Somaiya College of Engineering, Satara",Shivaji University,Solapur,5118,3160,1958,255,71,774,83,78,78,69,1230,A,2024
"K.J. Somaiya College of Engineering, Satara",Shivaji University,Solapur,5069,2874,2195,273,75,777,86,79,78,71,1287,A,2025
"Thadomal Shahani Engineering College, Kolhapur",Shivaji University,Ratnagiri,2425,1594,831,98,78,280,83,74,91,12,506,B++,2022
"Thadomal Shahani Engineering College, Kolhapur",Shivaji University,Ratnagiri,2565,1362,1203,97,79,253,84,73,93,14,537,B++,2023
"Thadomal Shahani Engineering College, Kolhapur",Shivaji University,Ratnagiri,2659,1146,1513,91,84,304,87,74,93,13,578,B++,2024
"Thadomal Shahani Engineering College, Kolhapur",Shivaji University,Ratnagiri,2591,1183,1408,96,81,269,86,75,94,18,625,B++,2025
"St. John College of Engineering, Chandrapur",Shivaji University,Ratnagiri,838,444,394,59,83,50,62,74,80,74,936,B+,2022
"St. John College of Engineering, Chandrapur",Shivaji University,Ratnagiri,911,452,459,65,86,50,65,75,81,77,948,B+,2023
"St. John College of Engineering, Chandrapur",Shivaji University,Ratnagiri,976,504,472,60,89,50,63,73,80,75,971,B+,2024
"St. John College of Engineering, Chandrapur",Shivaji University,Ratnagiri,1033,694,339,60,89,50,65,76,79,73,1123,B+,2025
"Rajarambapu Institute of Technology, Nagpur",Savitribai Phule Pune University,Ahmednagar,5003,2957,2046,350,66,1200,88,99,68,94,1223,A++,2022
"Rajarambapu Institute of Technology, Nagpur",Savitribai Phule Pune University,Ahmednagar,5397,2916,2481,330,70,1150,86,97,69,92,1270,A++,2023
"Rajarambapu Institute of Technology, Nagpur",Savitribai Phule Pune University,Ahmednagar,5714,3223,2491,331,71,1066,89,98,68,93,1429,A++,2024
"Rajarambapu Institute of Technology, Nagpur",Savitribai Phule Pune University,Ahmednagar,5566,2505,3061,350,75,1111,84,99,67,88,1424,A++,2025
"Maharashtra Institute of Technology, Dhule 82",SNDT Women's University,Latur,1902,1220,682,77,78,216,61,98,85,88,515,A++,2022
"Maharashtra Institute of Technology, Dhule 82",SNDT Women's University,Latur,2029,1045,984,80,77,203,65,99,84,86,578,A++,2023
"Maharashtra Institute of Technology, Dhule 82",SNDT Women's University,Latur,2283,1029,1254,85,83,199,62,99,83,86,584,A++,2024
"Maharashtra Institute of Technology, Dhule 82",SNDT Women's University,Latur,2299,1284,1015,80,78,213,64,95,82,91,607,A++,2025
"K.K. Wagh Institute of Engineering Education, Kolhapur",Savitribai Phule Pune University,Ahmednagar,5548,3081,2467,350,53,373,74,92,74,86,833,A+,2022
"K.K. Wagh Institute of Engineering Education, Kolhapur",Savitribai Phule Pune University,Ahmednagar,5498,3615,1883,325,54,377,77,89,71,84,915,A+,2023
"K.K. Wagh Institute of Engineering Education, Kolhapur",Savitribai Phule Pune University,Ahmednagar,5936,2980,2956,325,55,350,80,90,74,84,979,A+,2024
"K.K. Wagh Institute of Engineering Education, Kolhapur",Savitribai Phule Pune University,Ahmednagar,6000,3030,2970,334,62,344,80,92,71,84,990,A+,2025
"Government College of Engineering, Akola 12",Shivaji University,Ratnagiri,4664,2313,2351,201,70,508,77,80,90,22,950,A,2022
"Government College of Engineering, Akola 12",Shivaji University,Ratnagiri,4875,3228,1647,204,67,521,77,78,89,24,1019,A,2023
"Government College of Engineering, Akola 12",Shivaji University,Ratnagiri,5138,3455,1683,185,65,574,75,77,89,24,1037,A,2024
"Government College of Engineering, Akola 12",Shivaji University,Ratnagiri,5092,3338,1754,200,71,516,81,77,90,26,1137,A,2025
"Sinhgad Institute of Technology, Satara",Shivaji University,Ratnagiri,4400,2042,2358,266,52,901,77,83,95,57,813,A++,2022
"Sinhgad Institute of Technology, Satara",Shivaji University,Ratnagiri,4667,2773,1894,285,54,850,77,81,96,55,862,A++,2023
"Sinhgad Institute of Technology, Satara",Shivaji University,Ratnagiri,4752,2927,1825,259,58,902,80,83,93,54,869,A++,2024
"Sinhgad Institute of Technology, Satara",Shivaji University,Ratnagiri,4906,2805,2101,286,52,916,77,83,94,58,972,A++,2025
"Sanjay Ghodawat Institute, Kalyan 97",Shivaji University,Sangli,4055,2650,1405,161,47,591,77,69,75,80,516,B++,2022
"Sanjay Ghodawat Institute, Kalyan 97",Shivaji University,Sangli,4269,2675,1594,154,50,592,74,71,76,82,517,B++,2023
"Sanjay Ghodawat Institute, Kalyan 97",Shivaji University,Sangli,4196,1999,2197,149,52,563,80,70,73,84,545,B++,2024
"Sanjay Ghodawat Institute, Kalyan 97",Shivaji University,Sangli,4421,2990,1431,161,53,515,77,71,73,84,569,B++,2025
"Vishwakarma Institute of Technology, Satara 67",Shivaji University,Ratnagiri,2507,1480,1027,175,48,333,81,70,84,21,969,A++,2022
"Vishwakarma Institute of Technology, Satara 67",Shivaji University,Ratnagiri,2593,1375,1218,163,50,295,84,69,84,24,1082,A++,2023
"Vishwakarma Institute of Technology, Satara 67",Shivaji University,Ratnagiri,2650,1460,1190,172,55,341,79,69,85,20,1137,A++,2024
"Vishwakarma Institute of Technology, Satara 67",Shivaji University,Ratnagiri,2664,1634,1030,155,52,330,80,67,85,25,1187,A++,2025
"Vishwakarma Institute of Technology, Ratnagiri",Shivaji University,Sindhudurg,1893,1279,614,70,89,402,70,97,96,26,512,A,2022
"Vishwakarma Institute of Technology, Ratnagiri",Shivaji University,Sindhudurg,1943,1233,710,76,93,433,69,96,98,22,587,A,2023
"Vishwakarma Institute of Technology, Ratnagiri",Shivaji University,Sindhudurg,1988,1204,784,69,87,448,75,98,99,23,594,A,2024
"Vishwakarma Institute of Technology, Ratnagiri",Shivaji University,Sindhudurg,2109,1387,722,68,92,415,75,97,97,23,626,A,2025
"Ramrao Adik Institute of Technology, Jalgaon 27",Shivaji University,Kolhapur,2402,1046,1356,92,68,195,69,73,54,85,1347,A+,2022
"Ramrao Adik Institute of Technology, Jalgaon 27",Shivaji University,Kolhapur,2415,1432,983,93,69,207,69,73,55,87,1422,A+,2023
"Ramrao Adik Institute of Technology, Jalgaon 27",Shivaji University,Kolhapur,2499,1274,1225,106,66,189,65,73,54,88,1451,A+,2024
"Ramrao Adik Institute of Technology, Jalgaon 27",Shivaji University,Kolhapur,2726,1315,1411,99,73,175,66,74,57,89,1500,A+,2025
"Thadomal Shahani Engineering College, Shirur",Dr. Babasaheb Ambedkar Technological University,Beed,3231,1645,1586,154,74,720,96,82,82,20,1074,B++,2022
"Thadomal Shahani Engineering College, Shirur",Dr. Babasaheb Ambedkar Technological University,Beed,3498,1538,1960,171,80,782,95,81,82,24,1159,B++,2023
"Thadomal Shahani Engineering College, Shirur",Dr. Babasaheb Ambedkar Technological University,Beed,3668,1826,1842,169,74,785,94,80,81,25,1197,B++,2024
"Thadomal Shahani Engineering College, Shirur",Dr. Babasaheb Ambedkar Technological University,Beed,3540,1938,1602,153,79,665,98,81,83,21,1330,B++,2025
"Sardar Patel College of Engineering, Sangli",Shivaji University,Sindhudurg,868,387,481,46,72,121,95,69,82,45,817,A+,2022
"Sardar Patel College of Engineering, Sangli",Shivaji University,Sindhudurg,887,377,510,45,69,120,94,67,81,45,857,A+,2023
"Sardar Patel College of Engineering, Sangli",Shivaji University,Sindhudurg,962,595,367,44,78,121,94,67,83,41,978,A+,2024
"Sardar Patel College of Engineering, Sangli",Shivaji University,Sindhudurg,974,619,355,44,78,114,96,65,84,43,1045,A+,2025
"Sandip Foundation College of Engineering, Dhule",Rashtrasant Tukadoji Maharaj Nagpur University,Nagpur,4183,2809,1374,256,93,267,76,87,89,15,718,B,2022
"Sandip Foundation College of Engineering, Dhule",Rashtrasant Tukadoji Maharaj Nagpur University,Nagpur,4493,2729,1764,257,89,234,71,91,86,13,747,B,2023
"Sandip Foundation College of Engineering, Dhule",Rashtrasant Tukadoji Maharaj Nagpur University,Nagpur,4867,2604,2263,254,95,230,72,88,89,11,818,B,2024
"Sandip Foundation College of Engineering, Dhule",Rashtrasant Tukadoji Maharaj Nagpur University,Nagpur,5043,3205,1838,229,88,249,76,87,88,10,843,B,2025
"Pillai College of Engineering, Shirur 24",Shivaji University,Ratnagiri,2273,1202,1071,137,88,244,69,96,78,29,854,A,2022
"Pillai College of Engineering, Shirur 24",Shivaji University,Ratnagiri,2256,1101,1155,152,83,283,69,94,76,28,949,A,2023
"Pillai College of Engineering, Shirur 24",Shivaji University,Ratnagiri,2476,1126,1350,143,86,241,69,97,78,23,1001,A,2024
"Pillai College of Engineering, Shirur 24",Shivaji University,Ratnagiri,2496,1289,1207,155,91,271,70,98,79,28,1069,A,2025
"Terna Engineering College, Dhule",SNDT Women's University,Beed,3722,2177,1545,265,53,914,74,69,98,32,542,A,2022
"Terna Engineering College, Dhule",SNDT Women's University,Beed,4268,2753,1515,284,53,849,73,69,98,37,557,A,2023
"Terna Engineering College, Dhule",SNDT Women's University,Beed,4096,2028,2068,270,54,847,72,69,95,31,583,A,2024
"Terna Engineering College, Dhule",SNDT Women's University,Beed,4416,2350,2066,289,55,825,73,70,98,34,656,A,2025
"Vivekanand Education Society's Institute of Technology, Satara 26",Savitribai Phule Pune University,Nashik,1541,1021,520,83,45,125,90,72,92,69,1084,B,2022
"Vivekanand Education Society's Institute of Technology, Satara 26",Savitribai Phule Pune University,Nashik,1610,915,695,83,50,140,88,73,92,66,1176,B,2023
"Vivekanand Education Society's Institute of Technology, Satara 26",Savitribai Phule Pune University,Nashik,1662,739,923,84,48,150,93,71,89,69,1233,B,2024
"Vivekanand Education Society's Institute of Technology, Satara 26",Savitribai Phule Pune University,Nashik,1873,830,1043,91,45,142,91,72,89,63,1262,B,2025
"Ramrao Adik Institute of Technology, Nanded 39",Shivaji University,Solapur,4867,2760,2107,350,54,928,65,79,68,58,1240,B+,2022
"Ramrao Adik Institute of Technology, Nanded 39",Shivaji University,Solapur,4751,3012,1739,339,52,903,66,76,68,57,1365,B+,2023
"Ramrao Adik Institute of Technology, Nanded 39",Shivaji University,Solapur,5283,3582,1701,325,49,854,63,77,68,57,1500,B+,2024
"Ramrao Adik Institute of Technology, Nanded 39",Shivaji University,Solapur,5255,2515,2740,338,52,807,63,76,68,57,1458,B+,2025
"D.Y. Patil Institute of Engineering, Thane 34",Savitribai Phule Pune University,Ahmednagar,4552,2990,1562,234,58,512,88,70,73,85,1248,A,2022
"D.Y. Patil Institute of Engineering, Thane 34",Savitribai Phule Pune University,Ahmednagar,4909,3137,1772,257,64,564,84,71,74,88,1324,A,2023
"D.Y. Patil Institute of Engineering, Thane 34",Savitribai Phule Pune University,Ahmednagar,5079,2429,2650,228,65,505,87,74,73,88,1400,A,2024
"D.Y. Patil Institute of Engineering, Thane 34",Savitribai Phule Pune University,Ahmednagar,5781,3445,2336,234,65,588,87,74,73,83,1451,A,2025
"Shri Guru Gobind Singhji Institute of Engineering, Ratnagiri",SNDT Women's University,Nanded,3705,1658,2047,162,70,700,90,76,59,79,739,B,2022
"Shri Guru Gobind Singhji Institute of Engineering, Ratnagiri",SNDT Women's University,Nanded,4053,2128,1925,164,70,671,92,76,62,80,770,B,2023
"Shri Guru Gobind Singhji Institute of Engineering, Ratnagiri",SNDT Women's University,Nanded,4208,2728,1480,170,73,594,90,75,59,78,820,B,2024
"Shri Guru Gobind Singhji Institute of Engineering, Ratnagiri",SNDT Women's University,Nanded,4317,2325,1992,145,71,634,93,76,59,82,825,B,2025
"St. John College of Engineering, Nagpur",Shivaji University,Sangli,2707,1342,1365,188,61,479,97,88,66,56,775,A+,2022
"St. John College of Engineering, Nagpur",Shivaji University,Sangli,3045,1697,1348,188,63,511,100,89,67,59,809,A+,2023
"St. John College of Engineering, Nagpur",Shivaji University,Sangli,3030,1698,1332,179,65,517,96,92,67,53,848,A+,2024
"St. John College of Engineering, Nagpur",Shivaji University,Sangli,3482,1833,1649,172,64,486,100,88,67,53,986,A+,2025
"Ramrao Adik Institute of Technology, Baramati",SNDT Women's University,Akola,1797,1094,703,80,51,373,75,70,62,19,852,A+,2022
"Ramrao Adik Institute of Technology, Baramati",SNDT Women's University,Akola,1845,784,1061,78,56,330,75,71,65,19,899,A+,2023
"Ramrao Adik Institute of Technology, Baramati",SNDT Women's University,Akola,2073,872,1201,78,52,321,74,71,62,18,956,A+,2024
"Ramrao Adik Institute of Technology, Baramati",SNDT Women's University,Akola,2246,997,1249,78,54,370,76,71,63,21,1035,A+,2025
"D.Y. Patil Institute of Engineering, Nashik",SNDT Women's University,Parbhani,870,485,385,78,73,136,66,69,68,76,383,B+,2022
"D.Y. Patil Institute of Engineering, Nashik",SNDT Women's University,Parbhani,933,464,469,80,68,141,68,73,68,79,427,B+,2023
"D.Y. Patil Institute of Engineering, Nashik",SNDT Women's University,Parbhani,946,407,539,69,76,124,64,70,68,76,453,B+,2024
"D.Y. Patil Institute of Engineering, Nashik",SNDT Women's University,Parbhani,1035,500,535,74,70,130,64,71,65,81,465,B+,2025
"Rajarambapu Institute of Technology, Lonavala 50",Shivaji University,Satara,2353,1413,940,103,71,415,71,98,60,0,152,A+,2022
"Rajarambapu Institute of Technology, Lonavala 50",Shivaji University,Satara,2389,1530,859,97,75,371,71,97,61,3,165,A+,2023
"Rajarambapu Institute of Technology, Lonavala 50",Shivaji University,Satara,2560,1324,1236,107,75,377,71,98,62,3,176,A+,2024
"Rajarambapu Institute of Technology, Lonavala 50",Shivaji University,Satara,2779,1236,1543,106,76,425,72,96,60,5,194,A+,2025
"Sandip Foundation College of Engineering, Ratnagiri 42",SNDT Women's University,Beed,4695,2812,1883,171,78,637,95,77,88,73,921,B++,2022
"Sandip Foundation College of Engineering, Ratnagiri 42",SNDT Women's University,Beed,4972,2270,2702,182,85,666,94,76,88,74,1007,B++,2023
"Sandip Foundation College of Engineering, Ratnagiri 42",SNDT Women's University,Beed,5197,2667,2530,195,84,595,93,76,89,73,1015,B++,2024
"Sandip Foundation College of Engineering, Ratnagiri 42",SNDT Women's University,Beed,4988,2898,2090,196,87,674,97,76,86,77,1082,B++,2025
"Smt. Kashibai Navale College of Engineering, Akola",Shivaji University,Sindhudurg,4373,1915,2458,203,80,475,79,95,86,26,266,B++,2022
"Smt. Kashibai Navale College of Engineering, Akola",Shivaji University,Sindhudurg,4434,2555,1879,205,80,483,79,93,83,27,278,B++,2023
"Smt. Kashibai Navale College of Engineering, Akola",Shivaji University,Sindhudurg,4896,2639,2257,198,79,461,81,97,86,26,288,B++,2024
"Smt. Kashibai Navale College of Engineering, Akola",Shivaji University,Sindhudurg,4871,2875,1996,206,86,512,81,96,86,29,321,B++,2025
"Sardar Patel College of Engineering, Aurangabad",University of Mumbai,Mumbai,1451,916,535,97,75,218,93,93,70,3,875,B+,2022
"Sardar Patel College of Engineering, Aurangabad",University of Mumbai,Mumbai,1510,806,704,99,76,221,88,93,68,0,933,B+,2023
"Sardar Patel College of Engineering, Aurangabad",University of Mumbai,Mumbai,1622,984,638,96,76,248,91,96,69,0,988,B+,2024
"Sardar Patel College of Engineering, Aurangabad",University of Mumbai,Mumbai,1742,922,820,91,80,228,91,95,68,3,1103,B+,2025
"Shri Guru Gobind Singhji Institute of Engineering, Shirur",University of Mumbai,Mumbai,3368,1999,1369,224,83,485,76,76,97,96,1331,B+,2022
"Shri Guru Gobind Singhji Institute of Engineering, Shirur",University of Mumbai,Mumbai,3608,2389,1219,247,79,473,74,73,97,94,1435,B+,2023
"Shri Guru Gobind Singhji Institute of Engineering, Shirur",University of Mumbai,Mumbai,3606,2317,1289,228,82,439,79,73,95,95,1403,B+,2024
"Shri Guru Gobind Singhji Institute of Engineering, Shirur",University of Mumbai,Mumbai,3663,1552,2111,233,80,469,76,77,97,93,1500,B+,2025
"Sardar Patel College of Engineering, Nagpur",Shivaji University,Kolhapur,4915,2464,2451,212,87,510,93,83,78,25,213,B+,2022
"Sardar Patel College of Engineering, Nagpur",Shivaji University,Kolhapur,5142,2275,2867,231,91,567,95,82,76,23,228,B+,2023
"Sardar Patel College of Engineering, Nagpur",Shivaji University,Kolhapur,5822,2471,3351,217,90,562,97,80,75,21,253,B+,2024
"Sardar Patel College of Engineering, Nagpur",Shivaji University,Kolhapur,5996,3725,2271,222,88,534,96,81,75,27,269,B+,2025
"Sinhgad Institute of Technology, Aurangabad",University of Mumbai,Raigad,4996,2391,2605,296,89,866,75,87,51,21,177,B++,2022
"Sinhgad Institute of Technology, Aurangabad",University of Mumbai,Raigad,5402,3092,2310,284,86,951,72,85,50,18,202,B++,2023
"Sinhgad Institute of Technology, Aurangabad",University of Mumbai,Raigad,5882,3988,1894,273,89,920,72,85,51,21,214,B++,2024
"Sinhgad Institute of Technology, Aurangabad",University of Mumbai,Raigad,5624,3423,2201,276,88,799,74,83,52,20,227,B++,2025
"Vivekanand Education Society's Institute of Technology, Pune",Rashtrasant Tukadoji Maharaj Nagpur University,Nagpur,2494,1050,1444,206,76,435,76,72,61,0,1053,A,2022
"Vivekanand Education Society's Institute of Technology, Pune",Rashtrasant Tukadoji Maharaj Nagpur University,Nagpur,2543,1109,1434,199,71,477,75,72,58,0,1041,A,2023
"Vivekanand Education Society's Institute of Technology, Pune",Rashtrasant Tukadoji Maharaj Nagpur University,Nagpur,2686,1783,903,184,78,498,73,68,61,3,1100,A,2024
"Vivekanand Education Society's Institute of Technology, Pune",Rashtrasant Tukadoji Maharaj Nagpur University,Nagpur,3016,1864,1152,194,72,495,73,71,59,4,1296,A,2025
"Bharti Vidyapeeth College of Engineering, Nanded",Rashtrasant Tukadoji Maharaj Nagpur University,Gondia,3217,1949,1268,195,91,204,64,72,54,37,856,B++,2022
"Bharti Vidyapeeth College of Engineering, Nanded",Rashtrasant Tukadoji Maharaj Nagpur University,Gondia,3423,1903,1520,192,92,201,62,73,55,33,858,B++,2023
"Bharti Vidyapeeth College of Engineering, Nanded",Rashtrasant Tukadoji Maharaj Nagpur University,Gondia,3625,2188,1437,168,95,198,68,75,52,34,899,B++,2024
"Bharti Vidyapeeth College of Engineering, Nanded",Rashtrasant Tukadoji Maharaj Nagpur University,Gondia,3774,2331,1443,188,100,180,67,72,55,31,999,B++,2025
"Rajarambapu Institute of Technology, Karad",SNDT Women's University,Aurangabad,555,345,210,42,92,95,82,95,67,93,153,B++,2022
"Rajarambapu Institute of Technology, Karad",SNDT Women's University,Aurangabad,601,336,265,42,94,93,84,95,64,91,159,B++,2023
"Rajarambapu Institute of Technology, Karad",SNDT Women's University,Aurangabad,599,253,346,44,100,100,84,94,64,91,167,B++,2024
"Rajarambapu Institute of Technology, Karad",SNDT Women's University,Aurangabad,624,402,222,40,95,97,86,92,65,97,175,B++,2025
"Bharti Vidyapeeth College of Engineering, Thane 13",Dr. Babasaheb Ambedkar Technological University,Nanded,3417,2136,1281,157,66,778,73,68,98,70,1080,B++,2022
"Bharti Vidyapeeth College of Engineering, Thane 13",Dr. Babasaheb Ambedkar Technological University,Nanded,3399,2135,1264,164,66,704,71,65,97,71,1176,B++,2023
"Bharti Vidyapeeth College of Engineering, Thane 13",Dr. Babasaheb Ambedkar Technological University,Nanded,3944,2030,1914,166,64,707,68,65,99,69,1254,B++,2024
"Bharti Vidyapeeth College of Engineering, Thane 13",Dr. Babasaheb Ambedkar Technological University,Nanded,3887,1636,2251,170,66,724,69,69,98,73,1226,B++,2025
"D.Y. Patil Institute of Engineering, Amravati",Shivaji University,Satara,3272,1972,1300,135,91,321,68,79,91,56,718,A+,2022
"D.Y. Patil Institute of Engineering, Amravati",Shivaji University,Satara,3349,1598,1751,120,85,314,68,78,89,54,771,A+,2023
"D.Y. Patil Institute of Engineering, Amravati",Shivaji University,Satara,3333,1487,1846,139,91,298,67,82,92,57,774,A+,2024
"D.Y. Patil Institute of Engineering, Amravati",Shivaji University,Satara,3796,1836,1960,134,91,283,70,78,89,52,821,A+,2025
"Government College of Engineering, Kolhapur 75",Rashtrasant Tukadoji Maharaj Nagpur University,Nagpur,2355,1528,827,197,50,364,93,73,75,99,265,B++,2022
"Government College of Engineering, Kolhapur 75",Rashtrasant Tukadoji Maharaj Nagpur University,Nagpur,2437,1292,1145,220,49,367,91,74,74,100,283,B++,2023
"Government College of Engineering, Kolhapur 75",Rashtrasant Tukadoji Maharaj Nagpur University,Nagpur,2649,1206,1443,213,52,400,90,72,73,96,296,B++,2024
"Government College of Engineering, Kolhapur 75",Rashtrasant Tukadoji Maharaj Nagpur University,Nagpur,2757,1514,1243,191,51,352,92,72,75,96,300,B++,2025
"Walchand College of Engineering, Kolhapur",Rashtrasant Tukadoji Maharaj Nagpur University,Wardha,2979,1370,1609,126,95,537,66,87,92,19,1119,B+,2022
"Walchand College of Engineering, Kolhapur",Rashtrasant Tukadoji Maharaj Nagpur University,Wardha,3163,1358,1805,112,91,462,61,85,93,16,1154,B+,2023
"Walchand College of Engineering, Kolhapur",Rashtrasant Tukadoji Maharaj Nagpur University,Wardha,3457,2130,1327,120,94,509,66,85,91,16,1242,B+,2024
"Walchand College of Engineering, Kolhapur",Rashtrasant Tukadoji Maharaj Nagpur University,Wardha,3412,1635,1777,111,94,550,64,85,92,20,1375,B+,2025
"D.Y. Patil Institute of Engineering, Aurangabad",Shivaji University,Sangli,5412,3218,2194,234,71,1021,60,89,74,94,343,B+,2022
"D.Y. Patil Institute of Engineering, Aurangabad",Shivaji University,Sangli,5884,3838,2046,226,78,1076,60,90,74,92,357,B+,2023
"D.Y. Patil Institute of Engineering, Aurangabad",Shivaji University,Sangli,5555,3275,2280,234,74,937,60,88,73,90,399,B+,2024
"D.Y. Patil Institute of Engineering, Aurangabad",Shivaji University,Sangli,6000,3145,2855,235,74,980,61,88,74,94,412,B+,2025
"Sardar Patel College of Engineering, Mumbai",SNDT Women's University,Akola,4143,1796,2347,319,52,680,81,96,69,77,1145,B+,2022
"Sardar Patel College of Engineering, Mumbai",SNDT Women's University,Akola,4232,2540,1692,313,56,611,79,92,67,76,1171,B+,2023
"Sardar Patel College of Engineering, Mumbai",SNDT Women's University,Akola,4559,2014,2545,319,61,632,80,92,68,74,1308,B+,2024
"Sardar Patel College of Engineering, Mumbai",SNDT Women's University,Akola,4980,2624,2356,278,62,642,82,95,68,75,1316,B+,2025
"Sinhgad Institute of Technology, Nagpur",SNDT Women's University,Akola,4515,1986,2529,285,45,850,95,91,97,21,129,A,2022
"Sinhgad Institute of Technology, Nagpur",SNDT Women's University,Akola,4776,3074,1702,287,45,889,90,88,95,25,130,A,2023
"Sinhgad Institute of Technology, Nagpur",SNDT Women's University,Akola,5297,2427,2870,258,45,957,96,89,98,23,145,A,2024
"Sinhgad Institute of Technology, Nagpur",SNDT Women's University,Akola,5605,2509,3096,261,48,835,95,89,95,22,147,A,2025
"K.K. Wagh Institute of Engineering Education, Ratnagiri 31",Shivaji University,Sangli,940,535,405,43,80,179,69,99,92,61,1131,B,2022
"K.K. Wagh Institute of Engineering Education, Ratnagiri 31",Shivaji University,Sangli,1018,477,541,47,82,211,73,100,92,60,1257,B,2023
"K.K. Wagh Institute of Engineering Education, Ratnagiri 31",Shivaji University,Sangli,1086,508,578,44,84,204,70,99,92,66,1214,B,2024
"K.K. Wagh Institute of Engineering Education, Ratnagiri 31",Shivaji University,Sangli,1084,705,379,41,81,203,71,99,93,63,1418,B,2025
"D.Y. Patil Institute of Engineering, Navi Mumbai",University of Mumbai,Mumbai Suburban,1733,882,851,69,53,127,70,70,52,73,1326,A+,2022
"D.Y. Patil Institute of Engineering, Navi Mumbai",University of Mumbai,Mumbai Suburban,1841,1212,629,73,57,142,75,72,52,74,1351,A+,2023
"D.Y. Patil Institute of Engineering, Navi Mumbai",University of Mumbai,Mumbai Suburban,1988,1340,648,79,55,134,74,69,54,76,1500,A+,2024
"D.Y. Patil Institute of Engineering, Navi Mumbai",University of Mumbai,Mumbai Suburban,2034,936,1098,73,64,128,76,73,52,75,1500,A+,2025
"St. John College of Engineering, Wadala",University of Mumbai,Palghar,4749,2859,1890,350,71,436,67,65,63,84,982,B,2022
"St. John College of Engineering, Wadala",University of Mumbai,Palghar,5114,2610,2504,307,71,424,67,66,65,83,1069,B,2023
"St. John College of Engineering, Wadala",University of Mumbai,Palghar,5333,2477,2856,350,74,479,64,65,65,82,1164,B,2024
"St. John College of Engineering, Wadala",University of Mumbai,Palghar,5803,3000,2803,328,67,466,67,66,64,86,1139,B,2025
"Rajarambapu Institute of Technology, Thane 8",Savitribai Phule Pune University,Ahmednagar,3672,2490,1182,161,91,621,100,80,82,6,231,B+,2022
"Rajarambapu Institute of Technology, Thane 8",Savitribai Phule Pune University,Ahmednagar,3924,2255,1669,146,93,718,100,82,83,6,227,B+,2023
"Rajarambapu Institute of Technology, Thane 8",Savitribai Phule Pune University,Ahmednagar,3872,2202,1670,143,96,621,98,82,83,3,244,B+,2024
"Rajarambapu Institute of Technology, Thane 8",Savitribai Phule Pune University,Ahmednagar,3910,1812,2098,151,94,618,100,82,84,8,284,B+,2025
"Shri Guru Gobind Singhji Institute of Engineering, Nagpur 67",Rashtrasant Tukadoji Maharaj Nagpur University,Nagpur,2126,1381,745,110,58,189,78,74,85,98,1129,A++,2022
"Shri Guru Gobind Singhji Institute of Engineering, Nagpur 67",Rashtrasant Tukadoji Maharaj Nagpur University,Nagpur,2321,1309,1012,117,57,202,78,75,85,93,1190,A++,2023
"Shri Guru Gobind Singhji Institute of Engineering, Nagpur 67",Rashtrasant Tukadoji Maharaj Nagpur University,Nagpur,2367,1559,808,117,57,178,77,74,86,96,1326,A++,2024
"Shri Guru Gobind Singhji Institute of Engineering, Nagpur 67",Rashtrasant Tukadoji Maharaj Nagpur University,Nagpur,2572,1511,1061,108,60,208,74,75,84,95,1416,A++,2025
"Fr. Conceicao Rodrigues College of Engineering, Bandra",Dr. Babasaheb Ambedkar Technological University,Parbhani,1858,970,888,101,75,231,67,92,72,40,1113,A+,2022
"Fr. Conceicao Rodrigues College of Engineering, Bandra",Dr. Babasaheb Ambedkar Technological University,Parbhani,1833,988,845,96,78,197,67,94,72,41,1228,A+,2023
"Fr. Conceicao Rodrigues College of Engineering, Bandra",Dr. Babasaheb Ambedkar Technological University,Parbhani,1961,870,1091,90,82,205,74,91,72,38,1258,A+,2024
"Fr. Conceicao Rodrigues College of Engineering, Bandra",Dr. Babasaheb Ambedkar Technological University,Parbhani,1998,958,1040,94,79,221,70,94,73,40,1317,A+,2025
"Smt. Kashibai Navale College of Engineering, Satara 42",University of Mumbai,Palghar,4772,2635,2137,262,69,899,74,86,80,54,832,A+,2022
"Smt. Kashibai Navale College of Engineering, Satara 42",University of Mumbai,Palghar,5095,2174,2921,248,68,950,77,88,79,60,860,A+,2023
"Smt. Kashibai Navale College of Engineering, Satara 42",University of Mumbai,Palghar,4945,2290,2655,230,72,956,80,88,79,54,928,A+,2024
"Smt. Kashibai Navale College of Engineering, Satara 42",University of Mumbai,Palghar,5306,3221,2085,231,69,884,80,86,80,57,1057,A+,2025
"Government College of Engineering, Akola",Shivaji University,Satara,580,264,316,30,62,50,76,78,70,0,630,B+,2022
"Government College of Engineering, Akola",Shivaji University,Satara,614,295,319,32,66,52,75,76,70,4,676,B+,2023
"Government College of Engineering, Akola",Shivaji University,Satara,608,377,231,30,62,50,77,79,70,0,720,B+,2024
"Government College of Engineering, Akola",Shivaji University,Satara,700,401,299,33,69,50,75,80,69,0,716,B+,2025
"Vivekanand Education Society's Institute of Technology, Navi Mumbai",North Maharashtra University,Dhule,1656,982,674,139,74,177,69,81,74,76,560,B+,2022
"Vivekanand Education Society's Institute of Technology, Navi Mumbai",North Maharashtra University,Dhule,1659,1015,644,123,76,202,70,82,73,74,613,B+,2023
"Vivekanand Education Society's Institute of Technology, Navi Mumbai",North Maharashtra University,Dhule,1700,938,762,127,74,201,72,80,74,73,664,B+,2024
"Vivekanand Education Society's Institute of Technology, Navi Mumbai",North Maharashtra University,Dhule,1980,1159,821,126,78,178,71,82,73,75,642,B+,2025
"Walchand College of Engineering, Amravati 12",Shivaji University,Sindhudurg,4617,2359,2258,200,95,304,82,96,61,65,1205,B++,2022
"Walchand College of Engineering, Amravati 12",Shivaji University,Sindhudurg,4902,2278,2624,190,92,349,82,93,60,65,1303,B++,2023
"Walchand College of Engineering, Amravati 12",Shivaji University,Sindhudurg,5445,2634,2811,186,93,329,79,97,60,65,1256,B++,2024
"Walchand College of Engineering, Amravati 12",Shivaji University,Sindhudurg,5668,2995,2673,182,97,295,82,96,60,61,1483,B++,2025
"D.Y. Patil Institute of Engineering, Shirur",University of Mumbai,Mumbai Suburban,4966,3154,1812,267,95,305,79,85,79,56,311,B,2022
"D.Y. Patil Institute of Engineering, Shirur",University of Mumbai,Mumbai Suburban,4822,2924,1898,293,91,324,78,89,77,51,333,B,2023
"D.Y. Patil Institute of Engineering, Shirur",University of Mumbai,Mumbai Suburban,5136,2983,2153,271,96,330,79,85,77,53,373,B,2024
"D.Y. Patil Institute of Engineering, Shirur",University of Mumbai,Mumbai Suburban,5727,3030,2697,265,100,287,83,85,78,53,369,B,2025
"K.K. Wagh Institute of Engineering Education, Pune",University of Mumbai,Raigad,838,501,337,54,45,97,96,73,72,63,494,B++,2022
"K.K. Wagh Institute of Engineering Education, Pune",University of Mumbai,Raigad,917,609,308,50,49,92,94,73,71,64,518,B++,2023
"K.K. Wagh Institute of Engineering Education, Pune",University of Mumbai,Raigad,998,590,408,58,46,92,100,73,72,61,541,B++,2024
"K.K. Wagh Institute of Engineering Education, Pune",University of Mumbai,Raigad,1066,618,448,53,47,107,97,73,70,66,576,B++,2025
"K.J. Somaiya College of Engineering, Mumbai",North Maharashtra University,Jalgaon,4880,3191,1689,244,49,467,78,91,61,17,713,B++,2022
"K.J. Somaiya College of Engineering, Mumbai",North Maharashtra University,Jalgaon,5456,3560,1896,263,53,504,76,90,60,14,778,B++,2023
"K.J. Somaiya College of Engineering, Mumbai",North Maharashtra University,Jalgaon,5189,2553,2636,250,49,468,82,90,58,17,822,B++,2024
"K.J. Somaiya College of Engineering, Mumbai",North Maharashtra University,Jalgaon,5389,2384,3005,267,52,440,82,89,58,14,843,B++,2025
"Rajarambapu Institute of Technology, Kalyan",University of Mumbai,Mumbai Suburban,3383,1691,1692,242,67,537,66,72,81,70,459,B+,2022
"Rajarambapu Institute of Technology, Kalyan",University of Mumbai,Mumbai Suburban,3594,1692,1902,244,71,504,71,71,80,70,510,B+,2023
"Rajarambapu Institute of Technology, Kalyan",University of Mumbai,Mumbai Suburban,3968,2047,1921,221,70,501,70,71,81,73,522,B+,2024
"Rajarambapu Institute of Technology, Kalyan",University of Mumbai,Mumbai Suburban,3874,2064,1810,239,70,525,67,75,81,69,555,B+,2025
"Thadomal Shahani Engineering College, Sangli",Dr. Babasaheb Ambedkar Technological University,Aurangabad,984,639,345,65,72,106,96,70,57,84,885,A+,2022
"Thadomal Shahani Engineering College, Sangli",Dr. Babasaheb Ambedkar Technological University,Aurangabad,1064,677,387,61,72,113,93,70,59,82,907,A+,2023
"Thadomal Shahani Engineering College, Sangli",Dr. Babasaheb Ambedkar Technological University,Aurangabad,1152,674,478,68,74,107,98,72,58,84,951,A+,2024
"Thadomal Shahani Engineering College, Sangli",Dr. Babasaheb Ambedkar Technological University,Aurangabad,1093,665,428,61,78,121,100,70,59,84,1094,A+,2025
"Government College of Engineering, Dhule",Savitribai Phule Pune University,Ahmednagar,3907,1774,2133,198,72,232,77,75,94,49,377,B+,2022
"Government College of Engineering, Dhule",Savitribai Phule Pune University,Ahmednagar,4078,2263,1815,196,70,257,72,78,95,49,396,B+,2023
"Government College of Engineering, Dhule",Savitribai Phule Pune University,Ahmednagar,4374,1849,2525,187,76,215,75,79,95,44,424,B+,2024
"Government College of Engineering, Dhule",Savitribai Phule Pune University,Ahmednagar,4258,2244,2014,198,72,229,73,76,93,47,447,B+,2025
"Maharashtra Institute of Technology, Jalgaon 19",SNDT Women's University,Beed,3027,1672,1355,136,54,335,90,65,70,29,1090,A++,2022
"Maharashtra Institute of Technology, Jalgaon 19",SNDT Women's University,Beed,3279,2133,1146,134,51,315,88,67,73,29,1170,A++,2023
"Maharashtra Institute of Technology, Jalgaon 19",SNDT Women's University,Beed,3407,1680,1727,133,50,355,91,68,73,25,1207,A++,2024
"Maharashtra Institute of Technology, Jalgaon 19",SNDT Women's University,Beed,3664,2183,1481,150,51,329,95,65,73,24,1288,A++,2025
"Bharti Vidyapeeth College of Engineering, Solapur",Rashtrasant Tukadoji Maharaj Nagpur University,Bhandara,4720,2836,1884,260,95,1147,61,87,88,87,1118,A,2022
"Bharti Vidyapeeth College of Engineering, Solapur",Rashtrasant Tukadoji Maharaj Nagpur University,Bhandara,4756,2024,2732,259,92,1107,60,87,89,81,1124,A,2023
"Bharti Vidyapeeth College of Engineering, Solapur",Rashtrasant Tukadoji Maharaj Nagpur University,Bhandara,5308,2812,2496,261,90,1101,62,90,86,84,1208,A,2024
"Bharti Vidyapeeth College of Engineering, Solapur",Rashtrasant Tukadoji Maharaj Nagpur University,Bhandara,5125,2234,2891,235,92,1109,65,87,89,82,1368,A,2025
"Maharashtra Institute of Technology, Amravati",Shivaji University,Satara,5152,2401,2751,350,71,928,61,71,74,84,581,A+,2022
"Maharashtra Institute of Technology, Amravati",Shivaji University,Satara,5202,3134,2068,350,74,945,60,70,73,84,654,A+,2023
"Maharashtra Institute of Technology, Amravati",Shivaji University,Satara,5954,3327,2627,350,76,916,60,70,75,82,644,A+,2024
"Maharashtra Institute of Technology, Amravati",Shivaji University,Satara,6000,3442,2558,350,76,981,60,68,75,83,737,A+,2025
"Sandip Foundation College of Engineering, Wadala",Rashtrasant Tukadoji Maharaj Nagpur University,Nagpur,2696,1617,1079,104,87,353,85,98,97,9,708,A++,2022
"Sandip Foundation College of Engineering, Wadala",Rashtrasant Tukadoji Maharaj Nagpur University,Nagpur,2837,1238,1599,108,91,330,81,97,96,13,730,A++,2023
"Sandip Foundation College of Engineering, Wadala",Rashtrasant Tukadoji Maharaj Nagpur University,Nagpur,3113,1527,1586,112,92,351,84,96,94,14,743,A++,2024
"Sandip Foundation College of Engineering, Wadala",Rashtrasant Tukadoji Maharaj Nagpur University,Nagpur,3249,1937,1312,115,92,350,83,98,97,13,858,A++,2025
"Sinhgad Institute of Technology, Solapur",Dr. Babasaheb Ambedkar Technological University,Akola,2224,1300,924,100,64,277,87,73,52,46,751,A++,2022
"Sinhgad Institute of Technology, Solapur",Dr. Babasaheb Ambedkar Technological University,Akola,2542,1569,973,100,62,262,88,75,51,47,812,A++,2023
"Sinhgad Institute of Technology, Solapur",Dr. Babasaheb Ambedkar Technological University,Akola,2453,1031,1422,100,62,248,83,77,51,44,863,A++,2024
"Sinhgad Institute of Technology, Solapur",Dr. Babasaheb Ambedkar Technological University,Akola,2541,1648,893,89,71,275,84,77,50,44,862,A++,2025
"Pillai College of Engineering, Lonavala",SNDT Women's University,Nanded,5018,2323,2695,350,73,1058,64,82,65,22,732,A++,2022
"Pillai College of Engineering, Lonavala",SNDT Women's University,Nanded,5599,2395,3204,350,73,1052,62,84,65,20,756,A++,2023
"Pillai College of Engineering, Lonavala",SNDT Women's University,Nanded,5837,3409,2428,325,73,1141,62,84,63,21,838,A++,2024
"Pillai College of Engineering, Lonavala",SNDT Women's University,Nanded,6000,3859,2141,329,75,1110,61,80,63,20,837,A++,2025
"Ramrao Adik Institute of Technology, Sangli",Rashtrasant Tukadoji Maharaj Nagpur University,Wardha,4956,2886,2070,242,69,561,69,91,70,76,695,B+,2022
"Ramrao Adik Institute of Technology, Sangli",Rashtrasant Tukadoji Maharaj Nagpur University,Wardha,5357,3078,2279,249,70,525,68,94,71,74,725,B+,2023
"Ramrao Adik Institute of Technology, Sangli",Rashtrasant Tukadoji Maharaj Nagpur University,Wardha,5406,3319,2087,256,71,490,72,92,69,77,812,B+,2024
"Ramrao Adik Institute of Technology, Sangli",Rashtrasant Tukadoji Maharaj Nagpur University,Wardha,6000,3984,2016,230,73,506,69,90,69,78,895,B+,2025
"Smt. Kashibai Navale College of Engineering, Aurangabad",Rashtrasant Tukadoji Maharaj Nagpur University,Wardha,1509,792,717,100,86,313,68,93,98,16,1362,A+,2022
"Smt. Kashibai Navale College of Engineering, Aurangabad",Rashtrasant Tukadoji Maharaj Nagpur University,Wardha,1548,801,747,90,91,299,67,91,100,17,1409,A+,2023
"Smt. Kashibai Navale College of Engineering, Aurangabad",Rashtrasant Tukadoji Maharaj Nagpur University,Wardha,1581,883,698,95,93,348,68,90,99,21,1481,A+,2024
"Smt. Kashibai Navale College of Engineering, Aurangabad",Rashtrasant Tukadoji Maharaj Nagpur University,Wardha,1791,1143,648,102,97,306,69,94,100,18,1500,A+,2025
"Sanjay Ghodawat Institute, Kolhapur",Shivaji University,Ratnagiri,1336,887,449,96,52,280,78,90,78,35,913,B+,2022
"Sanjay Ghodawat Institute, Kolhapur",Shivaji University,Ratnagiri,1469,847,622,99,59,250,81,89,76,37,991,B+,2023
"Sanjay Ghodawat Institute, Kolhapur",Shivaji University,Ratnagiri,1510,824,686,104,54,236,78,91,76,39,1048,B+,2024
"Sanjay Ghodawat Institute, Kolhapur",Shivaji University,Ratnagiri,1506,1008,498,98,55,230,82,92,75,38,1170,B+,2025
"Ramrao Adik Institute of Technology, Wardha 95",Shivaji University,Solapur,1887,992,895,140,57,108,100,84,88,73,1278,A+,2022
"Ramrao Adik Institute of Technology, Wardha 95",Shivaji University,Solapur,1998,1333,665,149,56,107,100,83,90,73,1324,A+,2023
"Ramrao Adik Institute of Technology, Wardha 95",Shivaji University,Solapur,2131,1144,987,140,60,100,97,81,89,73,1354,A+,2024
"Ramrao Adik Institute of Technology, Wardha 95",Shivaji University,Solapur,2188,1412,776,142,58,102,99,84,88,75,1500,A+,2025
"Sandip Foundation College of Engineering, Pune",SNDT Women's University,Yavatmal,4118,1864,2254,165,71,851,82,76,73,64,1014,A+,2022
"Sandip Foundation College of Engineering, Pune",SNDT Women's University,Yavatmal,4568,3023,1545,169,73,861,82,75,73,65,1023,A+,2023
"Sandip Foundation College of Engineering, Pune",SNDT Women's University,Yavatmal,4948,2169,2779,174,73,742,87,78,76,61,1067,A+,2024
"Sandip Foundation College of Engineering, Pune",SNDT Women's University,Yavatmal,5025,2820,2205,169,82,778,84,77,75,60,1213,A+,2025
"Maharashtra Institute of Technology, Satara 2",North Maharashtra University,Dhule,3624,2179,1445,240,83,817,75,68,60,57,1216,A,2022
"Maharashtra Institute of Technology, Satara 2",North Maharashtra University,Dhule,3703,1778,1925,251,91,929,73,71,60,57,1387,A,2023
"Maharashtra Institute of Technology, Satara 2",North Maharashtra University,Dhule,3988,2318,1670,234,93,917,77,67,62,56,1420,A,2024
"Maharashtra Institute of Technology, Satara 2",North Maharashtra University,Dhule,4361,1928,2433,255,89,867,72,70,63,56,1423,A,2025
"Thadomal Shahani Engineering College, Bandra",Dr. Babasaheb Ambedkar Technological University,Akola,3518,2000,1518,167,81,701,86,85,74,77,1140,B++,2022
"Thadomal Shahani Engineering College, Bandra",Dr. Babasaheb Ambedkar Technological University,Akola,3869,2118,1751,146,82,642,81,84,77,80,1255,B++,2023
"Thadomal Shahani Engineering College, Bandra",Dr. Babasaheb Ambedkar Technological University,Akola,4052,1803,2249,144,88,666,87,84,74,78,1392,B++,2024
"Thadomal Shahani Engineering College, Bandra",Dr. Babasaheb Ambedkar Technological University,Akola,4002,1915,2087,145,84,729,84,85,74,79,1344,B++,2025
"Terna Engineering College, Chandrapur",Rashtrasant Tukadoji Maharaj Nagpur University,Nagpur,3897,1849,2048,155,47,884,78,98,85,49,169,B++,2022
"Terna Engineering College, Chandrapur",Rashtrasant Tukadoji Maharaj Nagpur University,Nagpur,4024,2327,1697,175,51,833,75,100,86,53,169,B++,2023
"Terna Engineering College, Chandrapur",Rashtrasant Tukadoji Maharaj Nagpur University,Nagpur,4187,2832,1355,179,45,877,76,99,85,47,192,B++,2024
"Terna Engineering College, Chandrapur",Rashtrasant Tukadoji Maharaj Nagpur University,Nagpur,4603,2874,1729,171,54,904,76,96,86,52,191,B++,2025
"Vivekanand Education Society's Institute of Technology, Sangli",University of Mumbai,Raigad,1916,1235,681,124,67,391,78,93,61,51,647,A++,2022
"Vivekanand Education Society's Institute of Technology, Sangli",University of Mumbai,Raigad,1905,1193,712,123,72,398,80,92,59,53,711,A++,2023
"Vivekanand Education Society's Institute of Technology, Sangli",University of Mumbai,Raigad,2084,1022,1062,128,74,424,77,96,59,54,691,A++,2024
"Vivekanand Education Society's Institute of Technology, Sangli",University of Mumbai,Raigad,2196,1192,1004,114,69,418,83,92,61,53,810,A++,2025
"K.J. Somaiya College of Engineering, Thane 58",Savitribai Phule Pune University,Pune,4092,2012,2080,307,93,701,97,75,75,50,674,B,2022
"K.J. Somaiya College of Engineering, Thane 58",Savitribai Phule Pune University,Pune,4481,2675,1806,337,97,723,97,71,75,53,735,B,2023
"K.J. Somaiya College of Engineering, Thane 58",Savitribai Phule Pune University,Pune,4870,2747,2123,342,96,704,97,71,77,53,794,B,2024
"K.J. Somaiya College of Engineering, Thane 58",Savitribai Phule Pune University,Pune,4698,2366,2332,338,98,630,96,73,77,54,848,B,2025
"Fr. Conceicao Rodrigues College of Engineering, Pune",Shivaji University,Sindhudurg,2044,1242,802,79,52,184,67,71,57,13,916,B,2022
"Fr. Conceicao Rodrigues College of Engineering, Pune",Shivaji University,Sindhudurg,1986,1302,684,87,53,198,71,74,57,11,1005,B,2023
"Fr. Conceicao Rodrigues College of Engineering, Pune",Shivaji University,Sindhudurg,2078,1239,839,76,49,200,73,72,55,11,1010,B,2024
"Fr. Conceicao Rodrigues College of Engineering, Pune",Shivaji University,Sindhudurg,2359,1549,810,86,55,183,71,74,56,15,1098,B,2025
"Terna Engineering College, Sangli 66",University of Mumbai,Palghar,3183,1471,1712,170,45,670,78,76,62,15,419,A+,2022
"Terna Engineering College, Sangli 66",University of Mumbai,Palghar,3477,2078,1399,186,46,587,79,76,62,20,433,A+,2023
"Terna Engineering College, Sangli 66",University of Mumbai,Palghar,3664,1798,1866,178,49,647,84,72,60,20,505,A+,2024
"Terna Engineering College, Sangli 66",University of Mumbai,Palghar,3642,2240,1402,167,47,691,84,74,60,19,497,A+,2025
"Terna Engineering College, Mumbai",Shivaji University,Satara,3947,2156,1791,244,58,268,68,76,50,78,574,B,2022
"Terna Engineering College, Mumbai",Shivaji University,Satara,4062,2680,1382,243,53,268,68,75,51,76,582,B,2023
"Terna Engineering College, Mumbai",Shivaji University,Satara,4231,2388,1843,246,57,313,70,78,50,78,672,B,2024
"Terna Engineering College, Mumbai",Shivaji University,Satara,4185,2015,2170,244,58,286,67,77,50,77,699,B,2025
"Government College of Engineering, Thane",Dr. Babasaheb Ambedkar Technological University,Latur,4319,1912,2407,293,82,785,90,93,77,7,1251,B+,2022
"Government College of Engineering, Thane",Dr. Babasaheb Ambedkar Technological University,Latur,4445,2551,1894,309,79,780,87,89,78,9,1254,B+,2023
"Government College of Engineering, Thane",Dr. Babasaheb Ambedkar Technological University,Latur,4691,2383,2308,295,87,773,91,92,79,8,1437,B+,2024
"Government College of Engineering, Thane",Dr. Babasaheb Ambedkar Technological University,Latur,4907,3112,1795,308,81,669,93,93,80,7,1395,B+,2025
"Vivekanand Education Society's Institute of Technology, Amravati",Shivaji University,Ratnagiri,861,439,422,63,51,156,64,74,53,88,1153,A+,2022
"Vivekanand Education Society's Institute of Technology, Amravati",Shivaji University,Ratnagiri,884,590,294,55,49,151,63,74,53,84,1220,A+,2023
"Vivekanand Education Society's Institute of Technology, Amravati",Shivaji University,Ratnagiri,873,493,380,61,47,150,64,75,53,87,1309,A+,2024
"Vivekanand Education Society's Institute of Technology, Amravati",Shivaji University,Ratnagiri,926,602,324,63,52,141,64,73,52,86,1464,A+,2025
"K.K. Wagh Institute of Engineering Education, Latur",Savitribai Phule Pune University,Pune,1266,572,694,75,52,103,78,77,78,93,1218,A++,2022
"K.K. Wagh Institute of Engineering Education, Latur",Savitribai Phule Pune University,Pune,1337,843,494,78,57,107,75,77,78,94,1248,A++,2023
"K.K. Wagh Institute of Engineering Education, Latur",Savitribai Phule Pune University,Pune,1443,890,553,78,60,96,77,76,78,94,1334,A++,2024
"K.K. Wagh Institute of Engineering Education, Latur",Savitribai Phule Pune University,Pune,1397,722,675,70,55,97,78,74,81,95,1469,A++,2025
"Atharva College of Engineering, Wardha",Shivaji University,Satara,1450,629,821,114,58,164,84,98,64,86,472,B++,2022
"Atharva College of Engineering, Wardha",Shivaji University,Satara,1568,783,785,115,59,176,85,98,63,86,524,B++,2023
"Atharva College of Engineering, Wardha",Shivaji University,Satara,1599,1061,538,121,60,162,87,96,62,92,557,B++,2024
"Atharva College of Engineering, Wardha",Shivaji University,Satara,1719,979,740,112,65,180,88,100,63,89,568,B++,2025
"Ramrao Adik Institute of Technology, Lonavala",Savitribai Phule Pune University,Pune,5185,2924,2261,192,91,560,98,85,68,67,1172,B++,2022
"Ramrao Adik Institute of Technology, Lonavala",Savitribai Phule Pune University,Pune,5021,3005,2016,187,89,588,100,86,68,70,1274,B++,2023
"Ramrao Adik Institute of Technology, Lonavala",Savitribai Phule Pune University,Pune,5590,2702,2888,186,89,544,97,83,67,67,1324,B++,2024
"Ramrao Adik Institute of Technology, Lonavala",Savitribai Phule Pune University,Pune,5619,3602,2017,190,96,507,100,84,66,68,1493,B++,2025
"K.K. Wagh Institute of Engineering Education, Ratnagiri 79",Shivaji University,Sindhudurg,4340,2115,2225,189,80,689,70,78,95,40,450,B++,2022
"K.K. Wagh Institute of Engineering Education, Ratnagiri 79",Shivaji University,Sindhudurg,4758,3191,1567,196,75,605,71,80,95,38,504,B++,2023
"K.K. Wagh Institute of Engineering Education, Ratnagiri 79",Shivaji University,Sindhudurg,4657,2828,1829,211,76,578,70,78,94,38,491,B++,2024
"K.K. Wagh Institute of Engineering Education, Ratnagiri 79",Shivaji University,Sindhudurg,5215,2190,3025,197,78,601,76,78,96,36,520,B++,2025
"Government College of Engineering, Nashik",University of Mumbai,Raigad,2103,1153,950,81,75,245,82,85,87,80,500,A++,2022
"Government College of Engineering, Nashik",University of Mumbai,Raigad,2211,1117,1094,84,73,244,81,85,87,80,518,A++,2023
"Government College of Engineering, Nashik",University of Mumbai,Raigad,2292,1333,959,83,72,244,79,88,86,79,536,A++,2024
"Government College of Engineering, Nashik",University of Mumbai,Raigad,2245,1394,851,87,72,285,83,88,87,81,566,A++,2025
"Shri Guru Gobind Singhji Institute of Engineering, Amravati 40",Shivaji University,Satara,4780,2522,2258,301,45,378,81,86,77,89,1195,B+,2022
"Shri Guru Gobind Singhji Institute of Engineering, Amravati 40",Shivaji University,Satara,4826,2287,2539,284,45,338,78,86,76,90,1250,B+,2023
"Shri Guru Gobind Singhji Institute of Engineering, Amravati 40",Shivaji University,Satara,5282,2404,2878,281,45,356,85,86,74,90,1372,B+,2024
"Shri Guru Gobind Singhji Institute of Engineering, Amravati 40",Shivaji University,Satara,5194,3093,2101,308,51,366,82,88,75,92,1383,B+,2025
"K.K. Wagh Institute of Engineering Education, Pune 25",Shivaji University,Sangli,3941,2238,1703,151,49,752,87,72,90,60,1089,A,2022
"K.K. Wagh Institute of Engineering Education, Pune 25",Shivaji University,Sangli,4426,2621,1805,161,50,760,93,74,92,60,1123,A,2023
"K.K. Wagh Institute of Engineering Education, Pune 25",Shivaji University,Sangli,4551,2227,2324,167,48,650,89,76,92,60,1255,A,2024
"K.K. Wagh Institute of Engineering Education, Pune 25",Shivaji University,Sangli,4759,2342,2417,178,47,671,94,76,92,55,1333,A,2025
"Vishwakarma Institute of Technology, Thane 53",North Maharashtra University,Dhule,890,446,444,35,64,141,83,65,63,76,708,B,2022
"Vishwakarma Institute of Technology, Thane 53",North Maharashtra University,Dhule,964,479,485,34,64,152,79,67,62,71,731,B,2023
"Vishwakarma Institute of Technology, Thane 53",North Maharashtra University,Dhule,1002,573,429,39,70,147,78,65,64,74,789,B,2024
"Vishwakarma Institute of Technology, Thane 53",North Maharashtra University,Dhule,1083,519,564,34,64,130,82,67,63,71,901,B,2025
"Pillai College of Engineering, Nagpur 36",Dr. Babasaheb Ambedkar Technological University,Osmanabad,3377,2271,1106,167,55,571,83,75,88,13,663,A,2022
"Pillai College of Engineering, Nagpur 36",Dr. Babasaheb Ambedkar Technological University,Osmanabad,3451,1901,1550,161,60,553,85,75,88,12,710,A,2023
"Pillai College of Engineering, Nagpur 36",Dr. Babasaheb Ambedkar Technological University,Osmanabad,3705,2181,1524,150,61,574,84,74,90,15,720,A,2024
"Pillai College of Engineering, Nagpur 36",Dr. Babasaheb Ambedkar Technological University,Osmanabad,3921,2653,1268,154,58,532,85,77,89,14,829,A,2025
"Terna Engineering College, Nanded 35",Dr. Babasaheb Ambedkar Technological University,Amravati,2264,1266,998,144,64,207,82,76,59,49,160,B++,2022
"Terna Engineering College, Nanded 35",Dr. Babasaheb Ambedkar Technological University,Amravati,2316,1439,877,133,69,201,76,78,59,45,166,B++,2023
"Terna Engineering College, Nanded 35",Dr. Babasaheb Ambedkar Technological University,Amravati,2584,1119,1465,136,64,208,80,77,57,44,174,B++,2024
"Terna Engineering College, Nanded 35",Dr. Babasaheb Ambedkar Technological University,Amravati,2556,1672,884,141,71,208,80,76,59,49,204,B++,2025
"Bharti Vidyapeeth College of Engineering, Nagpur",University of Mumbai,Mumbai,4392,2212,2180,329,67,1024,92,82,99,40,358,B++,2022
"Bharti Vidyapeeth College of Engineering, Nagpur",University of Mumbai,Mumbai,4354,1836,2518,311,70,920,96,85,99,40,390,B++,2023
"Bharti Vidyapeeth College of Engineering, Nagpur",University of Mumbai,Mumbai,4609,2432,2177,309,69,876,92,84,100,40,388,B++,2024
"Bharti Vidyapeeth College of Engineering, Nagpur",University of Mumbai,Mumbai,4925,2851,2074,338,65,883,98,83,99,42,427,B++,2025
"D.Y. Patil Institute of Engineering, Wardha 67",Rashtrasant Tukadoji Maharaj Nagpur University,Wardha,2011,1067,944,92,73,268,96,73,50,41,168,A+,2022
"D.Y. Patil Institute of Engineering, Wardha 67",Rashtrasant Tukadoji Maharaj Nagpur University,Wardha,2009,971,1038,87,75,267,92,71,50,40,188,A+,2023
"D.Y. Patil Institute of Engineering, Wardha 67",Rashtrasant Tukadoji Maharaj Nagpur University,Wardha,2108,910,1198,94,72,254,96,74,50,36,207,A+,2024
"D.Y. Patil Institute of Engineering, Wardha 67",Rashtrasant Tukadoji Maharaj Nagpur University,Wardha,2417,1189,1228,85,77,260,92,74,52,41,197,A+,2025
"Sandip Foundation College of Engineering, Shirur 43",Dr. Babasaheb Ambedkar Technological University,Akola,4423,2543,1880,207,95,455,95,84,90,27,680,A++,2022
"Sandip Foundation College of Engineering, Shirur 43",Dr. Babasaheb Ambedkar Technological University,Akola,4482,2336,2146,188,89,471,93,85,90,25,757,A++,2023
"Sandip Foundation College of Engineering, Shirur 43",Dr. Babasaheb Ambedkar Technological University,Akola,4789,2872,1917,189,98,537,94,86,91,26,798,A++,2024
"Sandip Foundation College of Engineering, Shirur 43",Dr. Babasaheb Ambedkar Technological University,Akola,5399,3071,2328,201,96,499,100,86,89,24,849,A++,2025
"Vivekanand Education Society's Institute of Technology, Nanded 86",Rashtrasant Tukadoji Maharaj Nagpur University,Nagpur,1575,730,845,120,52,83,100,95,56,23,1095,A,2022
"Vivekanand Education Society's Institute of Technology, Nanded 86",Rashtrasant Tukadoji Maharaj Nagpur University,Nagpur,1676,1128,548,111,57,86,100,95,58,24,1221,A,2023
"Vivekanand Education Society's Institute of Technology, Nanded 86",Rashtrasant Tukadoji Maharaj Nagpur University,Nagpur,1685,807,878,119,57,92,100,97,58,26,1238,A,2024
"Vivekanand Education Society's Institute of Technology, Nanded 86",Rashtrasant Tukadoji Maharaj Nagpur University,Nagpur,1811,1207,604,120,52,90,100,97,56,24,1247,A,2025
"K.J. Somaiya College of Engineering, Bandra 74",Shivaji University,Kolhapur,998,606,392,66,67,161,64,74,52,57,1364,A+,2022
"K.J. Somaiya College of Engineering, Bandra 74",Shivaji University,Kolhapur,1013,595,418,60,69,138,65,73,53,62,1465,A+,2023
"K.J. Somaiya College of Engineering, Bandra 74",Shivaji University,Kolhapur,1076,580,496,66,68,166,62,71,53,58,1500,A+,2024
"K.J. Somaiya College of Engineering, Bandra 74",Shivaji University,Kolhapur,1141,533,608,63,66,149,68,75,50,60,1500,A+,2025
"Maharashtra Institute of Technology, Nashik",Savitribai Phule Pune University,Pune,3309,2059,1250,264,84,795,89,87,71,43,463,B++,2022
"Maharashtra Institute of Technology, Nashik",Savitribai Phule Pune University,Pune,3723,2467,1256,266,83,692,90,86,69,44,491,B++,2023
"Maharashtra Institute of Technology, Nashik",Savitribai Phule Pune University,Pune,3762,2071,1691,252,83,804,87,88,68,39,536,B++,2024
"Maharashtra Institute of Technology, Nashik",Savitribai Phule Pune University,Pune,4123,2780,1343,241,86,802,92,89,71,39,567,B++,2025
"Vivekanand Education Society's Institute of Technology, Nagpur 97",Rashtrasant Tukadoji Maharaj Nagpur University,Bhandara,4760,3001,1759,350,90,694,86,85,95,82,949,B++,2022
"Vivekanand Education Society's Institute of Technology, Nagpur 97",Rashtrasant Tukadoji Maharaj Nagpur University,Bhandara,4843,2694,2149,350,94,672,91,82,95,84,999,B++,2023
"Vivekanand Education Society's Institute of Technology, Nagpur 97",Rashtrasant Tukadoji Maharaj Nagpur University,Bhandara,5262,2692,2570,325,94,680,91,86,94,81,1094,B++,2024
"Vivekanand Education Society's Institute of Technology, Nagpur 97",Rashtrasant Tukadoji Maharaj Nagpur University,Bhandara,5589,3382,2207,343,94,710,89,86,94,83,1160,B++,2025
"Thadomal Shahani Engineering College, Jalgaon 19",SNDT Women's University,Beed,3387,1884,1503,262,83,407,80,92,81,1,214,A,2022
"Thadomal Shahani Engineering College, Jalgaon 19",SNDT Women's University,Beed,3666,1711,1955,265,84,403,79,92,80,1,236,A,2023
"Thadomal Shahani Engineering College, Jalgaon 19",SNDT Women's University,Beed,3850,2157,1693,253,86,393,79,92,83,0,253,A,2024
"Thadomal Shahani Engineering College, Jalgaon 19",SNDT Women's University,Beed,3912,2416,1496,266,86,422,79,95,81,1,255,A,2025
"Thadomal Shahani Engineering College, Nashik",Dr. Babasaheb Ambedkar Technological University,Akola,2991,1687,1304,151,52,431,87,73,72,73,1288,A,2022
"Thadomal Shahani Engineering College, Nashik",Dr. Babasaheb Ambedkar Technological University,Akola,3389,2235,1154,147,55,415,85,71,72,72,1411,A,2023
"Thadomal Shahani Engineering College, Nashik",Dr. Babasaheb Ambedkar Technological University,Akola,3567,2224,1343,162,54,442,88,72,69,74,1482,A,2024
"Thadomal Shahani Engineering College, Nashik",Dr. Babasaheb Ambedkar Technological University,Akola,3465,1546,1919,145,55,420,86,71,69,73,1500,A,2025
"Fr. Conceicao Rodrigues College of Engineering, Sangli",Shivaji University,Kolhapur,2260,1346,914,111,73,295,82,79,94,76,882,B+,2022
"Fr. Conceicao Rodrigues College of Engineering, Sangli",Shivaji University,Kolhapur,2501,1221,1280,116,80,289,78,76,95,72,941,B+,2023
"Fr. Conceicao Rodrigues College of Engineering, Sangli",Shivaji University,Kolhapur,2540,1100,1440,128,74,301,80,78,93,73,1008,B+,2024
"Fr. Conceicao Rodrigues College of Engineering, Sangli",Shivaji University,Kolhapur,2842,1277,1565,122,80,305,86,80,93,77,1016,B+,2025
"Atharva College of Engineering, Baramati 70",Dr. Babasaheb Ambedkar Technological University,Yavatmal,5519,3578,1941,257,95,1200,99,95,57,77,1251,A+,2022
"Atharva College of Engineering, Baramati 70",Dr. Babasaheb Ambedkar Technological University,Yavatmal,5930,3458,2472,254,97,1150,96,97,58,72,1340,A+,2023
"Atharva College of Engineering, Baramati 70",Dr. Babasaheb Ambedkar Technological University,Yavatmal,6000,3798,2202,256,96,1200,100,94,56,75,1327,A+,2024
"Atharva College of Engineering, Baramati 70",Dr. Babasaheb Ambedkar Technological University,Yavatmal,6000,3018,2982,248,98,1200,96,94,58,76,1500,A+,2025
"Fr. Conceicao Rodrigues College of Engineering, Kolhapur",North Maharashtra University,Jalgaon,4910,2964,1946,330,81,1009,82,83,83,83,1356,A++,2022
"Fr. Conceicao Rodrigues College of Engineering, Kolhapur",North Maharashtra University,Jalgaon,5080,2183,2897,350,81,945,83,85,81,85,1381,A++,2023
"Fr. Conceicao Rodrigues College of Engineering, Kolhapur",North Maharashtra University,Jalgaon,5297,2349,2948,350,86,893,84,85,81,83,1496,A++,2024
"Fr. Conceicao Rodrigues College of Engineering, Kolhapur",North Maharashtra University,Jalgaon,5694,3793,1901,350,86,937,86,86,82,82,1500,A++,2025
"K.J. Somaiya College of Engineering, Baramati 82",Rashtrasant Tukadoji Maharaj Nagpur University,Gondia,1513,927,586,75,77,227,81,94,63,28,1413,A++,2022
"K.J. Somaiya College of Engineering, Baramati 82",Rashtrasant Tukadoji Maharaj Nagpur University,Gondia,1722,774,948,69,70,230,82,92,61,27,1483,A++,2023
"K.J. Somaiya College of Engineering, Baramati 82",Rashtrasant Tukadoji Maharaj Nagpur University,Gondia,1715,966,749,76,75,256,82,92,63,29,1500,A++,2024
"K.J. Somaiya College of Engineering, Baramati 82",Rashtrasant Tukadoji Maharaj Nagpur University,Gondia,1815,1092,723,69,76,253,84,94,64,25,1500,A++,2025
"Vishwakarma Institute of Technology, Latur",North Maharashtra University,Dhule,2873,1648,1225,115,70,518,81,69,87,4,1278,B,2022
"Vishwakarma Institute of Technology, Latur",North Maharashtra University,Dhule,2997,1589,1408,118,74,563,84,68,89,3,1360,B,2023
"Vishwakarma Institute of Technology, Latur",North Maharashtra University,Dhule,2916,1900,1016,110,77,510,84,71,89,1,1393,B,2024
"Vishwakarma Institute of Technology, Latur",North Maharashtra University,Dhule,3026,1380,1646,108,77,557,83,69,86,0,1500,B,2025
"Dwarkadas J. Sanghvi College of Engineering, Sangli 38",University of Mumbai,Mumbai Suburban,4731,2151,2580,186,45,807,83,74,67,0,547,A,2022
"Dwarkadas J. Sanghvi College of Engineering, Sangli 38",University of Mumbai,Mumbai Suburban,4700,2508,2192,178,45,913,82,72,67,0,566,A,2023
"Dwarkadas J. Sanghvi College of Engineering, Sangli 38",University of Mumbai,Mumbai Suburban,5067,2223,2844,170,47,809,83,70,69,2,571,A,2024
"Dwarkadas J. Sanghvi College of Engineering, Sangli 38",University of Mumbai,Mumbai Suburban,5110,2472,2638,191,45,839,87,73,69,3,670,A,2025
"Atharva College of Engineering, Bandra",University of Mumbai,Raigad,3239,2041,1198,205,69,523,69,96,58,24,1107,A,2022
"Atharva College of Engineering, Bandra",University of Mumbai,Raigad,3550,2213,1337,191,75,558,73,95,59,25,1237,A,2023
"Atharva College of Engineering, Bandra",University of Mumbai,Raigad,3768,2058,1710,194,74,550,71,97,57,21,1243,A,2024
"Atharva College of Engineering, Bandra",University of Mumbai,Raigad,4071,2548,1523,205,76,466,71,95,59,21,1400,A,2025
"St. John College of Engineering, Wardha 54",Savitribai Phule Pune University,Nashik,5739,3651,2088,350,45,392,63,74,98,62,1287,A,2022
"St. John College of Engineering, Wardha 54",Savitribai Phule Pune University,Nashik,5829,3260,2569,350,46,369,60,73,95,61,1470,A,2023
"St. John College of Engineering, Wardha 54",Savitribai Phule Pune University,Nashik,5947,3628,2319,350,48,385,61,76,96,60,1478,A,2024
"St. John College of Engineering, Wardha 54",Savitribai Phule Pune University,Nashik,6000,3606,2394,350,52,373,64,74,96,59,1500,A,2025
"Atharva College of Engineering, Aurangabad",University of Mumbai,Raigad,3959,1960,1999,163,89,612,87,77,81,62,886,B++,2022
"Atharva College of Engineering, Aurangabad",University of Mumbai,Raigad,3918,2183,1735,157,86,589,89,78,81,63,907,B++,2023
"Atharva College of Engineering, Aurangabad",University of Mumbai,Raigad,4170,1842,2328,150,88,613,88,77,81,63,1019,B++,2024
"Atharva College of Engineering, Aurangabad",University of Mumbai,Raigad,4795,2032,2763,168,89,652,86,74,81,67,1068,B++,2025
"Vivekanand Education Society's Institute of Technology, Wardha",Savitribai Phule Pune University,Ahmednagar,1847,837,1010,111,45,293,76,95,67,55,1108,A+,2022
"Vivekanand Education Society's Institute of Technology, Wardha",Savitribai Phule Pune University,Ahmednagar,1977,932,1045,114,45,291,74,96,67,49,1178,A+,2023
"Vivekanand Education Society's Institute of Technology, Wardha",Savitribai Phule Pune University,Ahmednagar,1953,919,1034,101,51,294,75,97,66,54,1240,A+,2024
"Vivekanand Education Society's Institute of Technology, Wardha",Savitribai Phule Pune University,Ahmednagar,2257,1046,1211,111,45,286,75,95,69,52,1336,A+,2025
"Sanjay Ghodawat Institute, Ratnagiri",University of Mumbai,Mumbai Suburban,3959,1740,2219,185,50,598,68,75,98,91,1053,B+,2022
"Sanjay Ghodawat Institute, Ratnagiri",University of Mumbai,Mumbai Suburban,4431,2023,2408,179,51,632,62,74,96,96,1202,B+,2023
"Sanjay Ghodawat Institute, Ratnagiri",University of Mumbai,Mumbai Suburban,4349,2578,1771,177,56,614,63,72,95,96,1164,B+,2024
"Sanjay Ghodawat Institute, Ratnagiri",University of Mumbai,Mumbai Suburban,4931,2399,2532,185,54,672,65,73,96,92,1243,B+,2025
"Sardar Patel College of Engineering, Thane",Dr. Babasaheb Ambedkar Technological University,Nanded,3978,2676,1302,206,85,883,65,84,90,9,754,A+,2022
"Sardar Patel College of Engineering, Thane",Dr. Babasaheb Ambedkar Technological University,Nanded,4317,2187,2130,188,86,931,63,84,91,6,806,A+,2023
"Sardar Patel College of Engineering, Thane",Dr. Babasaheb Ambedkar Technological University,Nanded,4286,2450,1836,194,88,887,67,82,90,4,827,A+,2024
"Sardar Patel College of Engineering, Thane",Dr. Babasaheb Ambedkar Technological University,Nanded,4647,2761,1886,200,89,889,67,86,90,4,896,A+,2025
"Vivekanand Education Society's Institute of Technology, Dhule",SNDT Women's University,Akola,3042,1559,1483,180,60,307,60,85,98,99,1174,B+,2022
"Vivekanand Education Society's Institute of Technology, Dhule",SNDT Women's University,Akola,3138,1372,1766,170,66,347,61,83,95,100,1273,B+,2023
"Vivekanand Education Society's Institute of Technology, Dhule",SNDT Women's University,Akola,3247,1452,1795,170,66,300,63,86,97,98,1271,B+,2024
"Vivekanand Education Society's Institute of Technology, Dhule",SNDT Women's University,Akola,3413,2314,1099,164,68,313,63,83,97,98,1390,B+,2025
"Sandip Foundation College of Engineering, Latur 80",University of Mumbai,Mumbai,4184,2518,1666,330,81,302,79,80,58,77,603,A,2022
"Sandip Foundation College of Engineering, Latur 80",University of Mumbai,Mumbai,4520,2785,1735,329,76,269,76,82,57,76,668,A,2023
"Sandip Foundation College of Engineering, Latur 80",University of Mumbai,Mumbai,4755,2859,1896,330,78,294,79,80,59,77,678,A,2024
"Sandip Foundation College of Engineering, Latur 80",University of Mumbai,Mumbai,4883,2572,2311,325,82,266,80,79,60,81,704,A,2025
"Sardar Patel College of Engineering, Amravati",Rashtrasant Tukadoji Maharaj Nagpur University,Nagpur,1811,829,982,72,91,149,91,90,60,33,516,B+,2022
"Sardar Patel College of Engineering, Amravati",Rashtrasant Tukadoji Maharaj Nagpur University,Nagpur,1941,1155,786,72,90,142,91,90,61,35,567,B+,2023
"Sardar Patel College of Engineering, Amravati",Rashtrasant Tukadoji Maharaj Nagpur University,Nagpur,1859,791,1068,75,97,135,86,89,61,36,627,B+,2024
"Sardar Patel College of Engineering, Amravati",Rashtrasant Tukadoji Maharaj Nagpur University,Nagpur,1931,858,1073,72,97,155,91,86,61,33,660,B+,2025
"Thadomal Shahani Engineering College, Kolhapur 5",Shivaji University,Sangli,1562,703,859,83,54,317,84,91,66,87,935,A++,2022
"Thadomal Shahani Engineering College, Kolhapur 5",Shivaji University,Sangli,1619,816,803,75,53,340,89,88,67,87,996,A++,2023
"Thadomal Shahani Engineering College, Kolhapur 5",Shivaji University,Sangli,1690,887,803,83,55,330,87,88,66,81,1006,A++,2024
"Thadomal Shahani Engineering College, Kolhapur 5",Shivaji University,Sangli,1881,918,963,82,54,355,85,88,67,86,1158,A++,2025
"Sanjay Ghodawat Institute, Akola 7",University of Mumbai,Raigad,1359,771,588,104,76,168,81,93,99,98,1121,A,2022
"Sanjay Ghodawat Institute, Akola 7",University of Mumbai,Raigad,1366,690,676,113,71,156,79,93,97,95,1193,A,2023
"Sanjay Ghodawat Institute, Akola 7",University of Mumbai,Raigad,1491,670,821,116,75,172,79,97,96,99,1270,A,2024
"Sanjay Ghodawat Institute, Akola 7",University of Mumbai,Raigad,1489,715,774,120,76,169,83,96,99,98,1358,A,2025
"Walchand College of Engineering, Sangli",North Maharashtra University,Jalgaon,2535,1245,1290,193,72,124,89,91,94,37,1103,B++,2022
"Walchand College of Engineering, Sangli",North Maharashtra University,Jalgaon,2692,1736,956,184,72,124,87,91,92,37,1146,B++,2023
"Walchand College of Engineering, Sangli",North Maharashtra University,Jalgaon,2855,1628,1227,191,71,144,86,89,93,37,1182,B++,2024
"Walchand College of Engineering, Sangli",North Maharashtra University,Jalgaon,2859,1856,1003,195,72,134,91,87,92,41,1320,B++,2025
"Sandip Foundation College of Engineering, Mumbai",Shivaji University,Ratnagiri,3057,1398,1659,133,71,496,79,86,68,35,270,B,2022
"Sandip Foundation College of Engineering, Mumbai",Shivaji University,Ratnagiri,3179,1384,1795,120,70,514,79,87,66,34,303,B,2023
"Sandip Foundation College of Engineering, Mumbai",Shivaji University,Ratnagiri,3640,1623,2017,132,76,475,77,87,66,37,319,B,2024
"Sandip Foundation College of Engineering, Mumbai",Shivaji University,Ratnagiri,3439,1887,1552,118,73,551,76,88,68,37,344,B,2025
"Sardar Patel College of Engineering, Lonavala",Dr. Babasaheb Ambedkar Technological University,Akola,5107,2547,2560,216,74,532,72,87,84,0,1309,B,2022
"Sardar Patel College of Engineering, Lonavala",Dr. Babasaheb Ambedkar Technological University,Akola,4966,2774,2192,230,79,550,71,83,85,1,1439,B,2023
"Sardar Patel College of Engineering, Lonavala",Dr. Babasaheb Ambedkar Technological University,Akola,5434,2975,2459,210,82,535,69,84,84,0,1500,B,2024
"Sardar Patel College of Engineering, Lonavala",Dr. Babasaheb Ambedkar Technological University,Akola,5694,3301,2393,204,83,527,74,85,85,0,1500,B,2025
"Government College of Engineering, Wardha",Dr. Babasaheb Ambedkar Technological University,Amravati,1201,593,608,53,66,107,77,80,63,1,134,B+,2022
"Government College of Engineering, Wardha",Dr. Babasaheb Ambedkar Technological University,Amravati,1332,893,439,55,65,114,77,81,63,2,151,B+,2023
"Government College of Engineering, Wardha",Dr. Babasaheb Ambedkar Technological University,Amravati,1325,782,543,60,66,105,81,81,63,4,157,B+,2024
"Government College of Engineering, Wardha",Dr. Babasaheb Ambedkar Technological University,Amravati,1363,823,540,58,70,117,79,82,64,5,158,B+,2025
"K.K. Wagh Institute of Engineering Education, Nagpur",University of Mumbai,Palghar,2106,1404,702,79,81,144,64,72,89,16,792,B,2022
"K.K. Wagh Institute of Engineering Education, Nagpur",University of Mumbai,Palghar,2307,1518,789,79,87,168,66,69,88,16,859,B,2023
"K.K. Wagh Institute of Engineering Education, Nagpur",University of Mumbai,Palghar,2208,1016,1192,81,88,156,65,70,90,19,852,B,2024
"K.K. Wagh Institute of Engineering Education, Nagpur",University of Mumbai,Palghar,2283,984,1299,80,88,147,67,68,90,17,973,B,2025
"Sandip Foundation College of Engineering, Dhule 73",Rashtrasant Tukadoji Maharaj Nagpur University,Gondia,1347,867,480,57,65,138,67,92,66,95,923,A+,2022
"Sandip Foundation College of Engineering, Dhule 73",Rashtrasant Tukadoji Maharaj Nagpur University,Gondia,1433,755,678,60,58,144,67,92,69,96,954,A+,2023
"Sandip Foundation College of Engineering, Dhule 73",Rashtrasant Tukadoji Maharaj Nagpur University,Gondia,1352,711,641,57,60,129,68,93,67,96,970,A+,2024
"Sandip Foundation College of Engineering, Dhule 73",Rashtrasant Tukadoji Maharaj Nagpur University,Gondia,1437,668,769,56,60,141,66,94,67,99,1029,A+,2025
"Terna Engineering College, Wadala 42",Shivaji University,Solapur,1061,608,453,64,45,121,78,70,67,33,427,A+,2022
"Terna Engineering College, Wadala 42",Shivaji University,Solapur,1030,532,498,70,46,138,80,66,67,31,445,A+,2023
"Terna Engineering College, Wadala 42",Shivaji University,Solapur,1165,623,542,63,54,129,85,66,68,32,461,A+,2024
"Terna Engineering College, Wadala 42",Shivaji University,Solapur,1214,719,495,71,55,139,84,69,66,30,486,A+,2025
"Fr. Conceicao Rodrigues College of Engineering, Nagpur",North Maharashtra University,Dhule,5076,3255,1821,277,86,675,68,92,63,77,1254,A+,2022
"Fr. Conceicao Rodrigues College of Engineering, Nagpur",North Maharashtra University,Dhule,5242,3236,2006,313,91,772,66,92,64,78,1391,A+,2023
"Fr. Conceicao Rodrigues College of Engineering, Nagpur",North Maharashtra University,Dhule,5806,2873,2933,318,86,741,68,90,63,75,1452,A+,2024
"Fr. Conceicao Rodrigues College of Engineering, Nagpur",North Maharashtra University,Dhule,6000,3296,2704,319,85,759,69,93,62,80,1488,A+,2025
"D.Y. Patil Institute of Engineering, Thane 14",University of Mumbai,Mumbai Suburban,965,571,394,51,64,185,60,97,58,82,1322,A++,2022
"D.Y. Patil Institute of Engineering, Thane 14",University of Mumbai,Mumbai Suburban,1049,701,348,53,63,198,60,94,60,81,1388,A++,2023
"D.Y. Patil Institute of Engineering, Thane 14",University of Mumbai,Mumbai Suburban,1128,718,410,50,65,197,60,96,60,81,1468,A++,2024
"D.Y. Patil Institute of Engineering, Thane 14",University of Mumbai,Mumbai Suburban,1196,635,561,49,60,190,63,97,59,81,1500,A++,2025
"Sardar Patel College of Engineering, Aurangabad 51",Shivaji University,Sindhudurg,4258,2279,1979,187,96,606,87,91,95,97,220,A++,2022
"Sardar Patel College of Engineering, Aurangabad 51",Shivaji University,Sindhudurg,4608,2293,2315,214,91,583,85,88,97,97,236,A++,2023
"Sardar Patel College of Engineering, Aurangabad 51",Shivaji University,Sindhudurg,4758,2757,2001,206,98,603,87,91,98,100,263,A++,2024
"Sardar Patel College of Engineering, Aurangabad 51",Shivaji University,Sindhudurg,4935,3197,1738,186,97,651,87,89,97,97,257,A++,2025
"Vivekanand Education Society's Institute of Technology, Jalgaon",North Maharashtra University,Nandurbar,4097,2537,1560,307,82,967,81,84,94,37,825,B,2022
"Vivekanand Education Society's Institute of Technology, Jalgaon",North Maharashtra University,Nandurbar,4481,2581,1900,310,81,894,81,88,92,38,870,B,2023
"Vivekanand Education Society's Institute of Technology, Jalgaon",North Maharashtra University,Nandurbar,4537,2859,1678,294,81,866,83,84,93,41,924,B,2024
"Vivekanand Education Society's Institute of Technology, Jalgaon",North Maharashtra University,Nandurbar,4858,2824,2034,310,82,902,82,84,94,40,1016,B,2025
"Maharashtra Institute of Technology, Lonavala 83",Savitribai Phule Pune University,Pune,4609,2565,2044,181,66,280,92,82,93,25,411,A,2022
"Maharashtra Institute of Technology, Lonavala 83",Savitribai Phule Pune University,Pune,4918,2854,2064,177,65,285,88,82,91,28,434,A,2023
"Maharashtra Institute of Technology, Lonavala 83",Savitribai Phule Pune University,Pune,4860,2555,2305,191,66,335,89,82,91,25,472,A,2024
"Maharashtra Institute of Technology, Lonavala 83",Savitribai Phule Pune University,Pune,5022,3230,1792,200,71,292,89,83,90,23,482,A,2025
"Vivekanand Education Society's Institute of Technology, Mumbai 85",SNDT Women's University,Aurangabad,3319,1529,1790,129,89,651,94,70,89,54,434,B,2022
"Vivekanand Education Society's Institute of Technology, Mumbai 85",SNDT Women's University,Aurangabad,3553,2112,1441,129,85,634,89,70,90,56,481,B,2023
"Vivekanand Education Society's Institute of Technology, Mumbai 85",SNDT Women's University,Aurangabad,3584,1562,2022,130,83,577,93,70,92,53,499,B,2024
"Vivekanand Education Society's Institute of Technology, Mumbai 85",SNDT Women's University,Aurangabad,3790,1927,1863,144,88,641,90,72,91,55,568,B,2025
"St. John College of Engineering, Nagpur 83",Shivaji University,Satara,4409,2685,1724,179,71,986,60,67,71,5,737,B++,2022
"St. John College of Engineering, Nagpur 83",Shivaji University,Satara,4524,2353,2171,180,77,1130,62,65,72,6,763,B++,2023
"St. John College of Engineering, Nagpur 83",Shivaji University,Satara,4937,2443,2494,169,71,1102,60,69,72,10,807,B++,2024
"St. John College of Engineering, Nagpur 83",Shivaji University,Satara,5336,3211,2125,165,73,1079,63,68,73,9,862,B++,2025
"Ramrao Adik Institute of Technology, Mumbai",SNDT Women's University,Aurangabad,4330,2017,2313,338,84,400,61,69,97,19,975,B,2022
"Ramrao Adik Institute of Technology, Mumbai",SNDT Women's University,Aurangabad,4846,2439,2407,342,85,452,67,69,96,16,1037,B,2023
"Ramrao Adik Institute of Technology, Mumbai",SNDT Women's University,Aurangabad,4739,2130,2609,338,88,453,65,65,99,20,1185,B,2024
"Ramrao Adik Institute of Technology, Mumbai",SNDT Women's University,Aurangabad,5328,2521,2807,326,83,411,66,65,98,19,1157,B,2025
"Smt. Kashibai Navale College of Engineering, Pune",North Maharashtra University,Dhule,830,430,400,56,86,64,70,69,69,12,915,B+,2022
"Smt. Kashibai Navale College of Engineering, Pune",North Maharashtra University,Dhule,830,381,449,53,83,57,73,67,71,15,994,B+,2023
"Smt. Kashibai Navale College of Engineering, Pune",North Maharashtra University,Dhule,935,531,404,55,86,67,74,66,69,10,1044,B+,2024
"Smt. Kashibai Navale College of Engineering, Pune",North Maharashtra University,Dhule,917,542,375,55,91,61,71,67,71,15,1204,B+,2025
"K.K. Wagh Institute of Engineering Education, Kolhapur 9",Dr. Babasaheb Ambedkar Technological University,Osmanabad,4284,1914,2370,217,83,424,72,93,72,95,1317,A++,2022
"K.K. Wagh Institute of Engineering Education, Kolhapur 9",Dr. Babasaheb Ambedkar Technological University,Osmanabad,4656,3039,1617,226,83,363,69,92,70,97,1438,A++,2023
"K.K. Wagh Institute of Engineering Education, Kolhapur 9",Dr. Babasaheb Ambedkar Technological University,Osmanabad,4582,2758,1824,208,84,394,76,91,72,91,1500,A++,2024
"K.K. Wagh Institute of Engineering Education, Kolhapur 9",Dr. Babasaheb Ambedkar Technological University,Osmanabad,4884,3312,1572,205,88,377,77,91,73,97,1500,A++,2025
"St. John College of Engineering, Nanded",Rashtrasant Tukadoji Maharaj Nagpur University,Wardha,4530,2998,1532,343,98,468,61,78,73,9,312,B+,2022
"St. John College of Engineering, Nanded",Rashtrasant Tukadoji Maharaj Nagpur University,Wardha,4785,2214,2571,350,96,445,65,74,70,7,335,B+,2023
"St. John College of Engineering, Nanded",Rashtrasant Tukadoji Maharaj Nagpur University,Wardha,4854,2046,2808,345,95,468,63,76,73,9,377,B+,2024
"St. John College of Engineering, Nanded",Rashtrasant Tukadoji Maharaj Nagpur University,Wardha,5568,2545,3023,350,100,450,67,77,73,10,381,B+,2025
"Sardar Patel College of Engineering, Aurangabad 22",SNDT Women's University,Yavatmal,1717,824,893,94,78,107,67,88,100,22,124,B+,2022
"Sardar Patel College of Engineering, Aurangabad 22",SNDT Women's University,Yavatmal,1863,817,1046,98,83,103,69,89,98,18,124,B+,2023
"Sardar Patel College of Engineering, Aurangabad 22",SNDT Women's University,Yavatmal,1820,1186,634,96,80,100,66,90,100,23,142,B+,2024
"Sardar Patel College of Engineering, Aurangabad 22",SNDT Women's University,Yavatmal,1947,1255,692,93,81,104,66,88,99,17,141,B+,2025
"Thadomal Shahani Engineering College, Nagpur",University of Mumbai,Thane,5397,3446,1951,290,61,743,88,74,63,20,1246,A++,2022
"Thadomal Shahani Engineering College, Nagpur",University of Mumbai,Thane,5703,3437,2266,263,66,703,93,74,62,18,1337,A++,2023
"Thadomal Shahani Engineering College, Nagpur",University of Mumbai,Thane,6000,3566,2434,286,69,694,88,71,62,16,1500,A++,2024
"Thadomal Shahani Engineering College, Nagpur",University of Mumbai,Thane,6000,2562,3438,290,62,760,94,75,64,19,1500,A++,2025
"Sardar Patel College of Engineering, Navi Mumbai",Shivaji University,Kolhapur,4896,3096,1800,248,87,416,94,69,92,100,652,A+,2022
"Sardar Patel College of Engineering, Navi Mumbai",Shivaji University,Kolhapur,5377,2290,3087,249,82,481,93,72,92,100,714,A+,2023
"Sardar Patel College of Engineering, Navi Mumbai",Shivaji University,Kolhapur,5702,3428,2274,233,86,455,91,72,91,100,774,A+,2024
"Sardar Patel College of Engineering, Navi Mumbai",Shivaji University,Kolhapur,5962,2541,3421,256,88,423,95,68,89,100,756,A+,2025
"Walchand College of Engineering, Solapur",Dr. Babasaheb Ambedkar Technological University,Nanded,3120,1610,1510,141,78,460,92,76,66,3,467,B+,2022
"Walchand College of Engineering, Solapur",Dr. Babasaheb Ambedkar Technological University,Nanded,3287,1474,1813,130,84,492,91,76,66,4,505,B+,2023
"Walchand College of Engineering, Solapur",Dr. Babasaheb Ambedkar Technological University,Nanded,3630,2069,1561,139,77,451,92,76,66,5,489,B+,2024
"Walchand College of Engineering, Solapur",Dr. Babasaheb Ambedkar Technological University,Nanded,3581,1828,1753,131,86,456,93,77,68,4,547,B+,2025
"Pillai College of Engineering, Latur",Shivaji University,Solapur,5176,2543,2633,228,96,678,65,68,83,20,373,A,2022
"Pillai College of Engineering, Latur",Shivaji University,Solapur,5462,2440,3022,219,95,688,66,66,86,25,425,A,2023
"Pillai College of Engineering, Latur",Shivaji University,Solapur,5695,2445,3250,239,91,656,67,66,86,23,440,A,2024
"Pillai College of Engineering, Latur",Shivaji University,Solapur,5986,3608,2378,222,93,695,65,68,86,22,493,A,2025
"Government College of Engineering, Kalyan",Savitribai Phule Pune University,Pune,3817,2022,1795,179,68,534,80,80,100,15,714,A+,2022
"Government College of Engineering, Kalyan",Savitribai Phule Pune University,Pune,4027,2386,1641,181,63,499,77,79,98,13,782,A+,2023
"Government College of Engineering, Kalyan",Savitribai Phule Pune University,Pune,4243,2195,2048,184,71,458,80,80,100,14,814,A+,2024
"Government College of Engineering, Kalyan",Savitribai Phule Pune University,Pune,4459,2159,2300,205,67,509,83,81,99,13,807,A+,2025
"Walchand College of Engineering, Nashik",Dr. Babasaheb Ambedkar Technological University,Amravati,2104,961,1143,174,85,294,84,72,64,79,966,B++,2022
"Walchand College of Engineering, Nashik",Dr. Babasaheb Ambedkar Technological University,Amravati,2336,1240,1096,174,82,274,90,73,62,76,1034,B++,2023
"Walchand College of Engineering, Nashik",Dr. Babasaheb Ambedkar Technological University,Amravati,2309,1064,1245,184,82,303,88,75,63,77,1048,B++,2024
"Walchand College of Engineering, Nashik",Dr. Babasaheb Ambedkar Technological University,Amravati,2513,1585,928,180,83,294,92,76,64,77,1123,B++,2025
"Fr. Conceicao Rodrigues College of Engineering, Akola",Savitribai Phule Pune University,Ahmednagar,2064,869,1195,124,46,392,60,84,60,12,991,A,2022
"Fr. Conceicao Rodrigues College of Engineering, Akola",Savitribai Phule Pune University,Ahmednagar,2165,1268,897,129,47,365,65,81,60,17,1025,A,2023
"Fr. Conceicao Rodrigues College of Engineering, Akola",Savitribai Phule Pune University,Ahmednagar,2187,1343,844,129,46,388,65,82,58,13,1047,A,2024
"Fr. Conceicao Rodrigues College of Engineering, Akola",Savitribai Phule Pune University,Ahmednagar,2377,1401,976,132,49,324,66,80,57,14,1218,A,2025
"Vishwakarma Institute of Technology, Jalgaon 78",University of Mumbai,Thane,4912,2124,2788,195,81,1098,73,70,78,64,1037,B,2022
"Vishwakarma Institute of Technology, Jalgaon 78",University of Mumbai,Thane,5599,2859,2740,212,85,1200,71,72,78,63,1093,B,2023
"Vishwakarma Institute of Technology, Jalgaon 78",University of Mumbai,Thane,5673,3082,2591,202,85,1148,75,71,78,66,1117,B,2024
"Vishwakarma Institute of Technology, Jalgaon 78",University of Mumbai,Thane,5977,3634,2343,202,83,1111,79,70,75,63,1228,B,2025
"Fr. Conceicao Rodrigues College of Engineering, Amravati",Dr. Babasaheb Ambedkar Technological University,Amravati,2892,1336,1556,175,59,698,99,75,87,0,892,A+,2022
"Fr. Conceicao Rodrigues College of Engineering, Amravati",Dr. Babasaheb Ambedkar Technological University,Amravati,3125,2090,1035,158,57,651,100,74,86,1,950,A+,2023
"Fr. Conceicao Rodrigues College of Engineering, Amravati",Dr. Babasaheb Ambedkar Technological University,Amravati,3228,1659,1569,161,60,630,100,72,87,0,1023,A+,2024
"Fr. Conceicao Rodrigues College of Engineering, Amravati",Dr. Babasaheb Ambedkar Technological University,Amravati,3442,1519,1923,178,58,672,96,72,85,0,1078,A+,2025
"Maharashtra Institute of Technology, Mumbai 94",Rashtrasant Tukadoji Maharaj Nagpur University,Bhandara,738,390,348,37,66,93,65,95,81,32,242,B+,2022
"Maharashtra Institute of Technology, Mumbai 94",Rashtrasant Tukadoji Maharaj Nagpur University,Bhandara,749,380,369,40,75,109,64,92,82,29,263,B+,2023
"Maharashtra Institute of Technology, Mumbai 94",Rashtrasant Tukadoji Maharaj Nagpur University,Bhandara,810,415,395,43,70,93,68,94,83,31,267,B+,2024
"Maharashtra Institute of Technology, Mumbai 94",Rashtrasant Tukadoji Maharaj Nagpur University,Bhandara,802,387,415,43,77,109,70,94,82,32,309,B+,2025
"Ramrao Adik Institute of Technology, Satara 17",Savitribai Phule Pune University,Ahmednagar,2322,989,1333,103,53,133,82,76,97,57,1128,A,2022
"Ramrao Adik Institute of Technology, Satara 17",Savitribai Phule Pune University,Ahmednagar,2388,1195,1193,109,51,138,80,74,97,60,1194,A,2023
"Ramrao Adik Institute of Technology, Satara 17",Savitribai Phule Pune University,Ahmednagar,2360,1488,872,112,50,116,80,73,94,57,1341,A,2024
"Ramrao Adik Institute of Technology, Satara 17",Savitribai Phule Pune University,Ahmednagar,2587,1098,1489,101,49,130,80,75,95,61,1331,A,2025
"Fr. Conceicao Rodrigues College of Engineering, Thane 91",North Maharashtra University,Jalgaon,3357,1759,1598,163,86,599,66,88,94,41,1119,A+,2022
"Fr. Conceicao Rodrigues College of Engineering, Thane 91",North Maharashtra University,Jalgaon,3549,2329,1220,156,90,591,61,87,93,44,1108,A+,2023
"Fr. Conceicao Rodrigues College of Engineering, Thane 91",North Maharashtra University,Jalgaon,3414,2162,1252,162,89,562,66,87,93,45,1293,A+,2024
"Fr. Conceicao Rodrigues College of Engineering, Thane 91",North Maharashtra University,Jalgaon,3956,2208,1748,148,97,573,64,89,95,39,1278,A+,2025
"Maharashtra Institute of Technology, Latur",Shivaji University,Solapur,5243,3020,2223,252,91,481,63,84,98,9,1033,B,2022
"Maharashtra Institute of Technology, Latur",Shivaji University,Solapur,5320,2821,2499,255,98,460,66,84,96,5,1179,B,2023
"Maharashtra Institute of Technology, Latur",Shivaji University,Solapur,5742,3052,2690,247,97,496,68,86,99,10,1131,B,2024
"Maharashtra Institute of Technology, Latur",Shivaji University,Solapur,5785,3509,2276,247,95,426,66,88,97,9,1314,B,2025
"Sandip Foundation College of Engineering, Ratnagiri 15",North Maharashtra University,Jalgaon,3878,2497,1381,193,67,494,96,71,86,88,460,A,2022
"Sandip Foundation College of Engineering, Ratnagiri 15",North Maharashtra University,Jalgaon,4219,1908,2311,189,71,494,95,70,86,92,484,A,2023
"Sandip Foundation College of Engineering, Ratnagiri 15",North Maharashtra University,Jalgaon,4516,2372,2144,195,73,502,93,71,87,90,532,A,2024
"Sandip Foundation College of Engineering, Ratnagiri 15",North Maharashtra University,Jalgaon,4854,2869,1985,197,70,475,95,70,86,87,540,A,2025
"K.J. Somaiya College of Engineering, Nanded",Rashtrasant Tukadoji Maharaj Nagpur University,Nagpur,4120,2672,1448,193,91,650,73,78,70,43,588,B,2022
"K.J. Somaiya College of Engineering, Nanded",Rashtrasant Tukadoji Maharaj Nagpur University,Nagpur,4257,2357,1900,190,90,665,75,78,72,47,625,B,2023
"K.J. Somaiya College of Engineering, Nanded",Rashtrasant Tukadoji Maharaj Nagpur University,Nagpur,4745,3213,1532,179,93,662,76,81,69,45,656,B,2024
"K.J. Somaiya College of Engineering, Nanded",Rashtrasant Tukadoji Maharaj Nagpur University,Nagpur,4780,3012,1768,186,93,608,74,81,72,45,708,B,2025
"Fr. Conceicao Rodrigues College of Engineering, Kalyan",Dr. Babasaheb Ambedkar Technological University,Osmanabad,4442,2991,1451,223,81,944,89,87,94,90,214,B++,2022
"Fr. Conceicao Rodrigues College of Engineering, Kalyan",Dr. Babasaheb Ambedkar Technological University,Osmanabad,4622,3051,1571,226,80,911,88,86,95,87,228,B++,2023
"Fr. Conceicao Rodrigues College of Engineering, Kalyan",Dr. Babasaheb Ambedkar Technological University,Osmanabad,5002,2844,2158,227,79,1002,92,88,95,87,251,B++,2024
"Fr. Conceicao Rodrigues College of Engineering, Kalyan",Dr. Babasaheb Ambedkar Technological University,Osmanabad,5220,2791,2429,217,82,990,87,86,94,91,242,B++,2025
"St. John College of Engineering, Kolhapur",North Maharashtra University,Nandurbar,1307,611,696,91,50,236,91,76,65,65,1279,A++,2022
"St. John College of Engineering, Kolhapur",North Maharashtra University,Nandurbar,1421,828,593,97,51,239,88,72,62,68,1400,A++,2023
"St. John College of Engineering, Kolhapur",North Maharashtra University,Nandurbar,1396,591,805,97,56,250,89,75,64,64,1448,A++,2024
"St. John College of Engineering, Kolhapur",North Maharashtra University,Nandurbar,1584,830,754,97,56,218,91,73,63,69,1462,A++,2025
"Government College of Engineering, Latur",Rashtrasant Tukadoji Maharaj Nagpur University,Wardha,1467,929,538,81,67,193,60,81,64,10,129,B+,2022
"Government College of Engineering, Latur",Rashtrasant Tukadoji Maharaj Nagpur University,Wardha,1603,1011,592,83,74,203,61,82,63,10,145,B+,2023
"Government College of Engineering, Latur",Rashtrasant Tukadoji Maharaj Nagpur University,Wardha,1603,772,831,85,73,217,64,83,64,11,153,B+,2024
"Government College of Engineering, Latur",Rashtrasant Tukadoji Maharaj Nagpur University,Wardha,1759,1087,672,77,75,213,65,84,63,5,163,B+,2025
"Walchand College of Engineering, Wardha 83",Shivaji University,Sangli,4838,2652,2186,285,86,914,90,97,86,55,965,B++,2022
"Walchand College of Engineering, Wardha 83",Shivaji University,Sangli,4967,2932,2035,317,91,993,91,98,85,58,1036,B++,2023
"Walchand College of Engineering, Wardha 83",Shivaji University,Sangli,5198,2451,2747,289,87,993,91,100,87,58,1035,B++,2024
"Walchand College of Engineering, Wardha 83",Shivaji University,Sangli,5545,3041,2504,295,91,1025,94,98,85,54,1072,B++,2025
"Shri Guru Gobind Singhji Institute of Engineering, Kolhapur 30",SNDT Women's University,Latur,827,446,381,59,66,101,71,77,96,66,609,A,2022
"Shri Guru Gobind Singhji Institute of Engineering, Kolhapur 30",SNDT Women's University,Latur,894,470,424,63,68,106,73,75,96,66,691,A,2023
"Shri Guru Gobind Singhji Institute of Engineering, Kolhapur 30",SNDT Women's University,Latur,929,630,299,62,69,102,68,75,96,71,675,A,2024
"Shri Guru Gobind Singhji Institute of Engineering, Kolhapur 30",SNDT Women's University,Latur,1010,432,578,57,66,110,70,73,94,68,723,A,2025
"Sinhgad Institute of Technology, Kolhapur 89",Dr. Babasaheb Ambedkar Technological University,Parbhani,2187,1479,708,178,64,365,90,82,75,21,490,A+,2022
"Sinhgad Institute of Technology, Kolhapur 89",Dr. Babasaheb Ambedkar Technological University,Parbhani,2372,1083,1289,189,67,344,91,81,72,21,510,A+,2023
"Sinhgad Institute of Technology, Kolhapur 89",Dr. Babasaheb Ambedkar Technological University,Parbhani,2358,1248,1110,171,68,332,86,80,72,22,569,A+,2024
"Sinhgad Institute of Technology, Kolhapur 89",Dr. Babasaheb Ambedkar Technological University,Parbhani,2455,1149,1306,177,68,340,88,79,73,23,579,A+,2025
"Vivekanand Education Society's Institute of Technology, Bandra",Shivaji University,Sangli,1611,964,647,97,78,387,95,84,57,0,868,A,2022
"Vivekanand Education Society's Institute of Technology, Bandra",Shivaji University,Sangli,1698,757,941,89,81,374,93,83,59,2,879,A,2023
"Vivekanand Education Society's Institute of Technology, Bandra",Shivaji University,Sangli,1737,848,889,95,83,398,98,84,56,5,914,A,2024
"Vivekanand Education Society's Institute of Technology, Bandra",Shivaji University,Sangli,1798,859,939,90,83,357,95,82,58,5,1054,A,2025
"Thadomal Shahani Engineering College, Dhule",SNDT Women's University,Akola,512,321,191,21,76,116,80,81,79,37,1180,A+,2022
"Thadomal Shahani Engineering College, Dhule",SNDT Women's University,Akola,541,275,266,20,79,119,83,81,82,35,1241,A+,2023
"Thadomal Shahani Engineering College, Dhule",SNDT Women's University,Akola,548,245,303,20,80,113,82,81,80,40,1261,A+,2024
"Thadomal Shahani Engineering College, Dhule",SNDT Women's University,Akola,558,303,255,21,80,121,82,81,80,40,1387,A+,2025
"Sandip Foundation College of Engineering, Aurangabad 94",North Maharashtra University,Dhule,3015,1678,1337,142,94,420,60,75,92,70,311,B++,2022
"Sandip Foundation College of Engineering, Aurangabad 94",North Maharashtra University,Dhule,3039,1933,1106,136,91,466,63,73,92,70,338,B++,2023
"Sandip Foundation College of Engineering, Aurangabad 94",North Maharashtra University,Dhule,3512,1758,1754,131,94,449,66,75,93,73,337,B++,2024
"Sandip Foundation College of Engineering, Aurangabad 94",North Maharashtra University,Dhule,3584,2179,1405,140,91,468,67,72,94,73,360,B++,2025
"Shri Guru Gobind Singhji Institute of Engineering, Pune",Dr. Babasaheb Ambedkar Technological University,Osmanabad,3228,2127,1101,255,45,504,71,96,65,100,595,B++,2022
"Shri Guru Gobind Singhji Institute of Engineering, Pune",Dr. Babasaheb Ambedkar Technological University,Osmanabad,3202,1850,1352,243,49,510,75,97,64,100,667,B++,2023
"Shri Guru Gobind Singhji Institute of Engineering, Pune",Dr. Babasaheb Ambedkar Technological University,Osmanabad,3333,1621,1712,252,51,518,73,97,63,97,711,B++,2024
"Shri Guru Gobind Singhji Institute of Engineering, Pune",Dr. Babasaheb Ambedkar Technological University,Osmanabad,3567,1520,2047,245,51,492,71,100,64,100,717,B++,2025
"Fr. Conceicao Rodrigues College of Engineering, Wadala",Savitribai Phule Pune University,Pune,3413,1979,1434,235,62,612,94,67,94,46,811,B+,2022
"Fr. Conceicao Rodrigues College of Engineering, Wadala",Savitribai Phule Pune University,Pune,3672,1848,1824,242,63,620,92,70,92,46,927,B+,2023
"Fr. Conceicao Rodrigues College of Engineering, Wadala",Savitribai Phule Pune University,Pune,4011,2528,1483,262,66,609,94,66,94,44,968,B+,2024
"Fr. Conceicao Rodrigues College of Engineering, Wadala",Savitribai Phule Pune University,Pune,3774,1637,2137,246,67,605,92,67,91,47,1011,B+,2025
"K.J. Somaiya College of Engineering, Bandra 48",North Maharashtra University,Jalgaon,546,357,189,37,70,57,88,71,65,90,942,A,2022
"K.J. Somaiya College of Engineering, Bandra 48",North Maharashtra University,Jalgaon,572,324,248,37,71,54,90,70,64,96,994,A,2023
"K.J. Somaiya College of Engineering, Bandra 48",North Maharashtra University,Jalgaon,619,377,242,35,68,55,88,70,62,90,1084,A,2024
"K.J. Somaiya College of Engineering, Bandra 48",North Maharashtra University,Jalgaon,613,278,335,36,74,57,90,72,62,91,1144,A,2025
"Ramrao Adik Institute of Technology, Satara 37",University of Mumbai,Thane,3593,1832,1761,155,72,292,97,71,58,24,667,B,2022
"Ramrao Adik Institute of Technology, Satara 37",University of Mumbai,Thane,3673,1550,2123,174,71,278,99,71,60,25,712,B,2023
"Ramrao Adik Institute of Technology, Satara 37",University of Mumbai,Thane,4068,2473,1595,160,75,294,95,68,58,24,776,B,2024
"Ramrao Adik Institute of Technology, Satara 37",University of Mumbai,Thane,4341,2327,2014,155,75,268,97,70,61,23,752,B,2025
"Thadomal Shahani Engineering College, Navi Mumbai 9",North Maharashtra University,Dhule,3237,1484,1753,248,75,584,75,91,61,69,922,B+,2022
"Thadomal Shahani Engineering College, Navi Mumbai 9",North Maharashtra University,Dhule,3488,1643,1845,275,74,569,79,92,61,71,1054,B+,2023
"Thadomal Shahani Engineering College, Navi Mumbai 9",North Maharashtra University,Dhule,3536,2004,1532,273,70,583,80,92,61,73,1071,B+,2024
"Thadomal Shahani Engineering College, Navi Mumbai 9",North Maharashtra University,Dhule,3584,2203,1381,269,74,583,79,92,61,68,1083,B+,2025
"Terna Engineering College, Baramati 18",Dr. Babasaheb Ambedkar Technological University,Aurangabad,2607,1149,1458,141,45,575,79,82,83,68,954,B++,2022
"Terna Engineering College, Baramati 18",Dr. Babasaheb Ambedkar Technological University,Aurangabad,2718,1399,1319,143,52,581,78,82,81,69,1020,B++,2023
"Terna Engineering College, Baramati 18",Dr. Babasaheb Ambedkar Technological University,Aurangabad,2938,1295,1643,128,46,558,83,84,82,70,1142,B++,2024
"Terna Engineering College, Baramati 18",Dr. Babasaheb Ambedkar Technological University,Aurangabad,3039,1649,1390,139,51,527,84,82,81,71,1143,B++,2025
"Walchand College of Engineering, Pune 20",Shivaji University,Solapur,5093,2720,2373,234,72,423,80,93,63,65,1263,A,2022
"Walchand College of Engineering, Pune 20",Shivaji University,Solapur,5531,3163,2368,222,74,427,81,92,63,63,1349,A,2023
"Walchand College of Engineering, Pune 20",Shivaji University,Solapur,5534,2847,2687,215,74,383,82,93,63,64,1439,A,2024
"Walchand College of Engineering, Pune 20",Shivaji University,Solapur,6000,2778,3222,212,78,421,77,91,62,65,1500,A,2025
"Walchand College of Engineering, Pune",Shivaji University,Solapur,952,522,430,45,67,139,98,90,65,83,979,B++,2022
"Walchand College of Engineering, Pune",Shivaji University,Solapur,1043,623,420,45,66,151,95,94,66,77,1059,B++,2023
"Walchand College of Engineering, Pune",Shivaji University,Solapur,1128,689,439,45,72,147,94,92,68,79,1099,B++,2024
"Walchand College of Engineering, Pune",Shivaji University,Solapur,1189,619,570,48,74,168,96,93,66,77,1110,B++,2025
